run_id,factory_name,factory_location,factory_type,date,base_production_capacity,adjusted_production_units,production_impact_factor,active_risks,lead_time_days,simulated_demand_units,shipped_units,inventory_level_units,shortage_units,safety_stock_level
run_017,Foundry_Taiwan_A,Taiwan,Foundry,2020-01-05,10250,10617,1.0,none,31,6912,6912,58377,0,5467
run_017,IDM_USA_B,USA,IDM,2020-01-05,11312,11503,1.0,none,22,7656,7656,49738,0,4589
run_017,OSAT_Malaysia_C,Malaysia,OSAT,2020-01-05,16983,17338,1.0,none,17,8054,8054,81102,0,7181
run_017,Foundry_Germany_D,Germany,Foundry,2020-01-05,7509,7185,1.0,none,32,6485,6485,43671,0,4297
run_017,Foundry_Taiwan_A,Taiwan,Foundry,2020-01-12,10250,1199,0.121,natural_disaster (Active),52,6019,6019,53557,0,5467
run_017,IDM_USA_B,USA,IDM,2020-01-12,11312,6682,0.633,trade_restrictions (Active),39,5837,5837,50583,0,4589
run_017,OSAT_Malaysia_C,Malaysia,OSAT,2020-01-12,16983,16028,1.0,none,20,10636,10636,86494,0,7181
run_017,Foundry_Germany_D,Germany,Foundry,2020-01-12,7509,7844,1.0,none,33,6692,6692,44823,0,4297
run_017,Foundry_Taiwan_A,Taiwan,Foundry,2020-01-19,10250,1212,0.121,natural_disaster (Active),51,8550,8550,46219,0,5467
run_017,IDM_USA_B,USA,IDM,2020-01-19,11312,7750,0.633,trade_restrictions (Active),41,8056,8056,50277,0,4589
run_017,OSAT_Malaysia_C,Malaysia,OSAT,2020-01-19,16983,15538,1.0,none,19,5182,5182,96850,0,7181
run_017,Foundry_Germany_D,Germany,Foundry,2020-01-19,7509,7914,1.0,none,31,6783,6783,45954,0,4297
run_017,Foundry_Taiwan_A,Taiwan,Foundry,2020-01-26,10250,1262,0.121,natural_disaster (Active),48,7145,7145,40336,0,5467
run_017,IDM_USA_B,USA,IDM,2020-01-26,11312,7346,0.633,trade_restrictions (Active),44,9357,9357,48266,0,4589
run_017,OSAT_Malaysia_C,Malaysia,OSAT,2020-01-26,16983,17113,1.0,logistics_bottleneck (Active),34,4998,4998,108965,0,7181
run_017,Foundry_Germany_D,Germany,Foundry,2020-01-26,7509,7418,1.0,none,30,4875,4875,48497,0,4297
run_017,Foundry_Taiwan_A,Taiwan,Foundry,2020-02-02,10250,3097,0.297,natural_disaster (Recovery),30,6958,6958,36475,0,5467
run_017,IDM_USA_B,USA,IDM,2020-02-02,11312,5133,0.472,"trade_restrictions (Active), trade_restrictions (Recovery)",47,8618,8618,44781,0,4589
run_017,OSAT_Malaysia_C,Malaysia,OSAT,2020-02-02,16983,18384,1.0,logistics_bottleneck (Active),32,12110,12110,115239,0,7181
run_017,Foundry_Germany_D,Germany,Foundry,2020-02-02,7509,7195,1.0,none,36,10001,10001,45691,0,4297
run_017,Foundry_Taiwan_A,Taiwan,Foundry,2020-02-09,10250,4785,0.473,"logistics_bottleneck (Active), natural_disaster (Recovery)",53,5144,5144,36116,0,5467
run_017,IDM_USA_B,USA,IDM,2020-02-09,11312,6373,0.549,"trade_restrictions (Active), trade_restrictions (Recovery)",43,5969,5969,45185,0,4589
run_017,OSAT_Malaysia_C,Malaysia,OSAT,2020-02-09,16983,17514,1.0,logistics_bottleneck (Recovery),17,5882,5882,126871,0,7181
run_017,Foundry_Germany_D,Germany,Foundry,2020-02-09,7509,7869,1.0,none,34,7476,7476,46084,0,4297
run_017,Foundry_Taiwan_A,Taiwan,Foundry,2020-02-16,10250,6504,0.648,"logistics_bottleneck (Active), natural_disaster (Recovery)",54,6499,6499,36121,0,5467
run_017,IDM_USA_B,USA,IDM,2020-02-16,11312,6807,0.625,"trade_restrictions (Active), trade_restrictions (Recovery)",42,5260,5260,46732,0,4589
run_017,OSAT_Malaysia_C,Malaysia,OSAT,2020-02-16,16983,8621,0.53,pandemic_closure (Active),43,10438,10438,125054,0,7181
run_017,Foundry_Germany_D,Germany,Foundry,2020-02-16,7509,7168,1.0,none,34,10506,10506,42746,0,4297
run_017,Foundry_Taiwan_A,Taiwan,Foundry,2020-02-23,10250,9070,0.824,"logistics_bottleneck (Active), natural_disaster (Recovery)",52,5924,5924,39267,0,5467
run_017,IDM_USA_B,USA,IDM,2020-02-23,11312,6882,0.625,trade_restrictions (Active),44,9090,9090,44524,0,4589
run_017,OSAT_Malaysia_C,Malaysia,OSAT,2020-02-23,16983,8646,0.53,pandemic_closure (Active),47,5660,5660,128040,0,7181
run_017,Foundry_Germany_D,Germany,Foundry,2020-02-23,7509,7794,1.0,none,31,7189,7189,43351,0,4297
run_017,Foundry_Taiwan_A,Taiwan,Foundry,2020-03-01,10250,4918,0.468,"cyber_attack (Active), logistics_bottleneck (Recovery), natural_disaster (Recovery)",40,7488,7488,36697,0,5467
run_017,IDM_USA_B,USA,IDM,2020-03-01,11312,8739,0.75,trade_restrictions (Recovery),25,6186,6186,47077,0,4589
run_017,OSAT_Malaysia_C,Malaysia,OSAT,2020-03-01,16983,8524,0.53,pandemic_closure (Active),46,7699,7699,128865,0,7181
run_017,Foundry_Germany_D,Germany,Foundry,2020-03-01,7509,7388,1.0,none,37,6768,6768,43971,0,4297
run_017,Foundry_Taiwan_A,Taiwan,Foundry,2020-03-08,10250,7533,0.734,"cyber_attack (Recovery), logistics_bottleneck (Active)",61,8700,8700,35530,0,5467
run_017,IDM_USA_B,USA,IDM,2020-03-08,11312,6998,0.613,"trade_restrictions (Active), trade_restrictions (Recovery)",47,10009,10009,44066,0,4589
run_017,OSAT_Malaysia_C,Malaysia,OSAT,2020-03-08,16983,9234,0.53,"logistics_bottleneck (Active), pandemic_closure (Active)",43,8109,8109,129990,0,7181
run_017,Foundry_Germany_D,Germany,Foundry,2020-03-08,7509,6981,1.0,none,33,6054,6054,44898,0,4297
run_017,Foundry_Taiwan_A,Taiwan,Foundry,2020-03-15,10250,10801,1.0,"cyber_attack (Recovery), logistics_bottleneck (Active)",59,12924,12924,33407,0,5467
run_017,IDM_USA_B,USA,IDM,2020-03-15,11312,7835,0.701,"trade_restrictions (Active), trade_restrictions (Recovery)",46,10311,10311,41590,0,4589
run_017,OSAT_Malaysia_C,Malaysia,OSAT,2020-03-15,16983,8737,0.53,"logistics_bottleneck (Active), pandemic_closure (Active)",41,7140,7140,131587,0,7181
run_017,Foundry_Germany_D,Germany,Foundry,2020-03-15,7509,7162,1.0,none,34,6645,6645,45415,0,4297
run_017,Foundry_Taiwan_A,Taiwan,Foundry,2020-03-22,10250,10951,1.0,logistics_bottleneck (Active),59,4002,4002,40356,0,5467
run_017,IDM_USA_B,USA,IDM,2020-03-22,11312,7720,0.701,trade_restrictions (Active),45,11433,11433,37877,0,4589
run_017,OSAT_Malaysia_C,Malaysia,OSAT,2020-03-22,16983,9388,0.53,"logistics_bottleneck (Active), pandemic_closure (Active)",48,9122,9122,131853,0,7181
run_017,Foundry_Germany_D,Germany,Foundry,2020-03-22,7509,7492,1.0,none,29,6441,6441,46466,0,4297
run_017,Foundry_Taiwan_A,Taiwan,Foundry,2020-03-29,10250,9689,1.0,logistics_bottleneck (Recovery),33,10697,10697,39348,0,5467
run_017,IDM_USA_B,USA,IDM,2020-03-29,11312,7775,0.701,trade_restrictions (Active),45,7090,7090,38562,0,4589
run_017,OSAT_Malaysia_C,Malaysia,OSAT,2020-03-29,16983,10432,0.647,"logistics_bottleneck (Active), pandemic_closure (Recovery)",37,9273,9273,133012,0,7181
run_017,Foundry_Germany_D,Germany,Foundry,2020-03-29,7509,7435,1.0,none,28,7711,7711,46190,0,4297
run_017,Foundry_Taiwan_A,Taiwan,Foundry,2020-04-05,10250,10282,1.0,none,30,9292,9292,40338,0,5467
run_017,IDM_USA_B,USA,IDM,2020-04-05,11312,2150,0.182,"cyber_attack (Active), trade_restrictions (Active)",46,5822,5822,34890,0,4589
run_017,OSAT_Malaysia_C,Malaysia,OSAT,2020-04-05,16983,13771,0.765,"logistics_bottleneck (Active), logistics_bottleneck (Recovery), pandemic_closure (Recovery)",42,5068,5068,141715,0,7181
run_017,Foundry_Germany_D,Germany,Foundry,2020-04-05,7509,7839,1.0,none,32,12239,12239,41790,0,4297
run_017,Foundry_Taiwan_A,Taiwan,Foundry,2020-04-12,10250,9893,1.0,none,28,5647,5647,44584,0,5467
run_017,IDM_USA_B,USA,IDM,2020-04-12,11312,5109,0.441,"cyber_attack (Recovery), trade_restrictions (Active)",46,7917,7917,32082,0,4589
run_017,OSAT_Malaysia_C,Malaysia,OSAT,2020-04-12,16983,14688,0.883,"logistics_bottleneck (Recovery), pandemic_closure (Recovery)",13,7035,7035,149368,0,7181
run_017,Foundry_Germany_D,Germany,Foundry,2020-04-12,7509,7353,1.0,none,34,9538,9538,39605,0,4297
run_017,Foundry_Taiwan_A,Taiwan,Foundry,2020-04-19,10250,10622,1.0,none,28,5384,5384,49822,0,5467
run_017,IDM_USA_B,USA,IDM,2020-04-19,11312,7895,0.701,"cyber_attack (Recovery), trade_restrictions (Active)",45,6695,6695,33282,0,4589
run_017,OSAT_Malaysia_C,Malaysia,OSAT,2020-04-19,16983,11572,0.662,"pandemic_closure (Recovery), trade_restrictions (Active)",25,6322,6322,154618,0,7181
run_017,Foundry_Germany_D,Germany,Foundry,2020-04-19,7509,7633,1.0,none,31,4063,4063,43175,0,4297
run_017,Foundry_Taiwan_A,Taiwan,Foundry,2020-04-26,10250,10406,1.0,none,27,10399,10399,49829,0,5467
run_017,IDM_USA_B,USA,IDM,2020-04-26,11312,7394,0.701,trade_restrictions (Active),41,6337,6337,34339,0,4589
run_017,OSAT_Malaysia_C,Malaysia,OSAT,2020-04-26,16983,11883,0.662,trade_restrictions (Active),25,7400,7400,159101,0,7181
run_017,Foundry_Germany_D,Germany,Foundry,2020-04-26,7509,7237,1.0,none,32,6949,6949,43463,0,4297
run_017,Foundry_Taiwan_A,Taiwan,Foundry,2020-05-03,10250,9602,1.0,none,33,7068,7068,52363,0,5467
run_017,IDM_USA_B,USA,IDM,2020-05-03,11312,7853,0.701,trade_restrictions (Active),42,7908,7908,34284,0,4589
run_017,OSAT_Malaysia_C,Malaysia,OSAT,2020-05-03,16983,10333,0.662,trade_restrictions (Active),26,8439,8439,160995,0,7181
run_017,Foundry_Germany_D,Germany,Foundry,2020-05-03,7509,6956,1.0,none,32,7149,7149,43270,0,4297
run_017,Foundry_Taiwan_A,Taiwan,Foundry,2020-05-10,10250,11649,1.0,none,30,6666,6666,57346,0,5467
run_017,IDM_USA_B,USA,IDM,2020-05-10,11312,7633,0.701,trade_restrictions (Active),47,8227,8227,33690,0,4589
run_017,OSAT_Malaysia_C,Malaysia,OSAT,2020-05-10,16983,11003,0.662,trade_restrictions (Active),24,9383,9383,162615,0,7181
run_017,Foundry_Germany_D,Germany,Foundry,2020-05-10,7509,7519,1.0,none,34,6390,6390,44399,0,4297
run_017,Foundry_Taiwan_A,Taiwan,Foundry,2020-05-17,10250,9441,1.0,none,28,9011,9011,57776,0,5467
run_017,IDM_USA_B,USA,IDM,2020-05-17,11312,8483,0.801,trade_restrictions (Recovery),22,6230,6230,35943,0,4589
run_017,OSAT_Malaysia_C,Malaysia,OSAT,2020-05-17,16983,12238,0.662,trade_restrictions (Active),25,7180,7180,167673,0,7181
run_017,Foundry_Germany_D,Germany,Foundry,2020-05-17,7509,7454,1.0,none,33,6702,6702,45151,0,4297
run_017,Foundry_Taiwan_A,Taiwan,Foundry,2020-05-24,10250,10236,1.0,none,30,5106,5106,62906,0,5467
run_017,IDM_USA_B,USA,IDM,2020-05-24,11312,10446,0.9,trade_restrictions (Recovery),26,8019,8019,38370,0,4589
run_017,OSAT_Malaysia_C,Malaysia,OSAT,2020-05-24,16983,11404,0.662,trade_restrictions (Active),28,7369,7369,171708,0,7181
run_017,Foundry_Germany_D,Germany,Foundry,2020-05-24,7509,7267,1.0,none,33,8352,8352,44066,0,4297
run_017,Foundry_Taiwan_A,Taiwan,Foundry,2020-05-31,10250,10450,1.0,none,29,6506,6506,66850,0,5467
run_017,IDM_USA_B,USA,IDM,2020-05-31,11312,11030,1.0,trade_restrictions (Recovery),23,4105,4105,45295,0,4589
run_017,OSAT_Malaysia_C,Malaysia,OSAT,2020-05-31,16983,12384,0.775,trade_restrictions (Recovery),20,5277,5277,178815,0,7181
run_017,Foundry_Germany_D,Germany,Foundry,2020-05-31,7509,7673,1.0,none,31,5703,5703,46036,0,4297
run_017,Foundry_Taiwan_A,Taiwan,Foundry,2020-06-07,10250,10863,1.0,none,29,6391,6391,71322,0,5467
run_017,IDM_USA_B,USA,IDM,2020-06-07,11312,11521,1.0,none,26,8181,8181,48635,0,4589
run_017,OSAT_Malaysia_C,Malaysia,OSAT,2020-06-07,16983,14298,0.887,trade_restrictions (Recovery),15,5991,5991,187122,0,7181
run_017,Foundry_Germany_D,Germany,Foundry,2020-06-07,7509,7945,1.0,none,33,5902,5902,48079,0,4297
run_017,Foundry_Taiwan_A,Taiwan,Foundry,2020-06-14,10250,10220,1.0,none,28,6621,6621,74921,0,5467
run_017,IDM_USA_B,USA,IDM,2020-06-14,11312,11032,1.0,none,27,9818,9818,49849,0,4589
run_017,OSAT_Malaysia_C,Malaysia,OSAT,2020-06-14,16983,16340,1.0,trade_restrictions (Recovery),16,9609,9609,193853,0,7181
run_017,Foundry_Germany_D,Germany,Foundry,2020-06-14,7509,7708,1.0,none,33,6651,6651,49136,0,4297
run_017,Foundry_Taiwan_A,Taiwan,Foundry,2020-06-21,10250,11432,1.0,none,30,8687,8687,77666,0,5467
run_017,IDM_USA_B,USA,IDM,2020-06-21,11312,11451,1.0,none,24,7620,7620,53680,0,4589
run_017,OSAT_Malaysia_C,Malaysia,OSAT,2020-06-21,16983,17311,1.0,none,20,5586,5586,205578,0,7181
run_017,Foundry_Germany_D,Germany,Foundry,2020-06-21,7509,7732,1.0,none,36,7288,7288,49580,0,4297
run_017,Foundry_Taiwan_A,Taiwan,Foundry,2020-06-28,10250,10107,1.0,none,28,7881,7881,79892,0,5467
run_017,IDM_USA_B,USA,IDM,2020-06-28,11312,11828,1.0,none,22,7612,7612,57896,0,4589
run_017,OSAT_Malaysia_C,Malaysia,OSAT,2020-06-28,16983,16413,1.0,none,16,9044,9044,212947,0,7181
run_017,Foundry_Germany_D,Germany,Foundry,2020-06-28,7509,7363,1.0,none,34,6008,6008,50935,0,4297
run_017,Foundry_Taiwan_A,Taiwan,Foundry,2020-07-05,10250,9876,1.0,none,28,10616,10616,79152,0,5467
run_017,IDM_USA_B,USA,IDM,2020-07-05,11312,11228,1.0,none,23,5334,5334,63790,0,4589
run_017,OSAT_Malaysia_C,Malaysia,OSAT,2020-07-05,16983,14524,1.0,none,14,5275,5275,222196,0,7181
run_017,Foundry_Germany_D,Germany,Foundry,2020-07-05,7509,7735,1.0,none,34,7956,7956,50714,0,4297
run_017,Foundry_Taiwan_A,Taiwan,Foundry,2020-07-12,10250,10550,1.0,none,34,5148,5148,84554,0,5467
run_017,IDM_USA_B,USA,IDM,2020-07-12,11312,11551,1.0,none,21,8743,8743,66598,0,4589
run_017,OSAT_Malaysia_C,Malaysia,OSAT,2020-07-12,16983,16569,1.0,none,17,10230,10230,228535,0,7181
run_017,Foundry_Germany_D,Germany,Foundry,2020-07-12,7509,7796,1.0,none,35,7976,7976,50534,0,4297
run_017,Foundry_Taiwan_A,Taiwan,Foundry,2020-07-19,10250,10912,1.0,none,28,9421,9421,86045,0,5467
run_017,IDM_USA_B,USA,IDM,2020-07-19,11312,11189,1.0,none,21,6139,6139,71648,0,4589
run_017,OSAT_Malaysia_C,Malaysia,OSAT,2020-07-19,16983,16441,1.0,none,19,9907,9907,235069,0,7181
run_017,Foundry_Germany_D,Germany,Foundry,2020-07-19,7509,7278,1.0,none,33,9842,9842,47970,0,4297
run_017,Foundry_Taiwan_A,Taiwan,Foundry,2020-07-26,10250,8252,0.813,geopolitical_tension (Active),44,6891,6891,87406,0,5467
run_017,IDM_USA_B,USA,IDM,2020-07-26,11312,8538,0.795,geopolitical_tension (Active),37,9860,9860,70326,0,4589
run_017,OSAT_Malaysia_C,Malaysia,OSAT,2020-07-26,16983,17631,1.0,none,17,10690,10690,242010,0,7181
run_017,Foundry_Germany_D,Germany,Foundry,2020-07-26,7509,7620,1.0,none,31,4786,4786,50804,0,4297
run_017,Foundry_Taiwan_A,Taiwan,Foundry,2020-08-02,10250,8302,0.813,geopolitical_tension (Active),45,6582,6582,89126,0,5467
run_017,IDM_USA_B,USA,IDM,2020-08-02,11312,9282,0.795,geopolitical_tension (Active),30,11187,11187,68421,0,4589
run_017,OSAT_Malaysia_C,Malaysia,OSAT,2020-08-02,16983,14756,1.0,none,18,8897,8897,247869,0,7181
run_017,Foundry_Germany_D,Germany,Foundry,2020-08-02,7509,8036,1.0,none,32,10848,10848,47992,0,4297
run_017,Foundry_Taiwan_A,Taiwan,Foundry,2020-08-09,10250,8059,0.813,geopolitical_tension (Active),42,5448,5448,91737,0,5467
run_017,IDM_USA_B,USA,IDM,2020-08-09,11312,9398,0.795,geopolitical_tension (Active),30,7034,7034,70785,0,4589
run_017,OSAT_Malaysia_C,Malaysia,OSAT,2020-08-09,16983,16821,1.0,none,17,6469,6469,258221,0,7181
run_017,Foundry_Germany_D,Germany,Foundry,2020-08-09,7509,6329,0.788,trade_restrictions (Active),46,6001,6001,48320,0,4297
run_017,Foundry_Taiwan_A,Taiwan,Foundry,2020-08-16,10250,8213,0.813,geopolitical_tension (Active),42,6276,6276,93674,0,5467
run_017,IDM_USA_B,USA,IDM,2020-08-16,11312,9104,0.795,geopolitical_tension (Active),34,6901,6901,72988,0,4589
run_017,OSAT_Malaysia_C,Malaysia,OSAT,2020-08-16,16983,8938,0.486,pandemic_closure (Active),53,9081,9081,258078,0,7181
run_017,Foundry_Germany_D,Germany,Foundry,2020-08-16,7509,5982,0.788,trade_restrictions (Active),50,6747,6747,47555,0,4297
run_017,Foundry_Taiwan_A,Taiwan,Foundry,2020-08-23,10250,8785,0.813,geopolitical_tension (Active),45,5752,5752,96707,0,5467
run_017,IDM_USA_B,USA,IDM,2020-08-23,11312,9704,0.897,geopolitical_tension (Recovery),22,8477,8477,74215,0,4589
run_017,OSAT_Malaysia_C,Malaysia,OSAT,2020-08-23,16983,7501,0.486,pandemic_closure (Active),50,6162,6162,259417,0,7181
run_017,Foundry_Germany_D,Germany,Foundry,2020-08-23,7509,2162,0.278,"pandemic_closure (Active), trade_restrictions (Active)",89,4882,4882,44835,0,4297
run_017,Foundry_Taiwan_A,Taiwan,Foundry,2020-08-30,10250,8993,0.906,geopolitical_tension (Recovery),32,6053,6053,99647,0,5467
run_017,IDM_USA_B,USA,IDM,2020-08-30,11312,11306,1.0,geopolitical_tension (Recovery),24,6346,6346,79175,0,4589
run_017,OSAT_Malaysia_C,Malaysia,OSAT,2020-08-30,16983,8096,0.486,pandemic_closure (Active),51,9860,9860,257653,0,7181
run_017,Foundry_Germany_D,Germany,Foundry,2020-08-30,7509,2213,0.278,"pandemic_closure (Active), trade_restrictions (Active)",86,6824,6824,40224,0,4297
run_017,Foundry_Taiwan_A,Taiwan,Foundry,2020-09-06,10250,10055,1.0,geopolitical_tension (Recovery),27,6352,6352,103350,0,5467
run_017,IDM_USA_B,USA,IDM,2020-09-06,11312,10784,1.0,none,24,4905,4905,85054,0,4589
run_017,OSAT_Malaysia_C,Malaysia,OSAT,2020-09-06,16983,8020,0.486,pandemic_closure (Active),48,7342,7342,258331,0,7181
run_017,Foundry_Germany_D,Germany,Foundry,2020-09-06,7509,1730,0.235,"geopolitical_tension (Active), pandemic_closure (Active), trade_restrictions (Active)",86,5426,5426,36528,0,4297
run_017,Foundry_Taiwan_A,Taiwan,Foundry,2020-09-13,10250,10525,1.0,none,31,11039,11039,102836,0,5467
run_017,IDM_USA_B,USA,IDM,2020-09-13,11312,11749,1.0,none,21,6045,6045,90758,0,4589
run_017,OSAT_Malaysia_C,Malaysia,OSAT,2020-09-13,16983,8000,0.486,pandemic_closure (Active),53,7988,7988,258343,0,7181
run_017,Foundry_Germany_D,Germany,Foundry,2020-09-13,7509,1629,0.235,"geopolitical_tension (Active), pandemic_closure (Active), trade_restrictions (Active)",88,6220,6220,31937,0,4297
run_017,Foundry_Taiwan_A,Taiwan,Foundry,2020-09-20,10250,8898,1.0,none,27,8314,8314,103420,0,5467
run_017,IDM_USA_B,USA,IDM,2020-09-20,11312,11048,1.0,none,19,8025,8025,93781,0,4589
run_017,OSAT_Malaysia_C,Malaysia,OSAT,2020-09-20,16983,8629,0.486,pandemic_closure (Active),50,5875,5875,261097,0,7181
run_017,Foundry_Germany_D,Germany,Foundry,2020-09-20,7509,1772,0.235,"geopolitical_tension (Active), pandemic_closure (Active), trade_restrictions (Active)",87,7580,7580,26129,0,4297
run_017,Foundry_Taiwan_A,Taiwan,Foundry,2020-09-27,10250,9547,1.0,none,29,6026,6026,106941,0,5467
run_017,IDM_USA_B,USA,IDM,2020-09-27,11312,11181,1.0,none,18,6978,6978,97984,0,4589
run_017,OSAT_Malaysia_C,Malaysia,OSAT,2020-09-27,16983,8617,0.486,pandemic_closure (Active),49,9267,9267,260447,0,7181
run_017,Foundry_Germany_D,Germany,Foundry,2020-09-27,7509,1713,0.235,"geopolitical_tension (Active), pandemic_closure (Active), trade_restrictions (Active)",86,7094,7094,20748,0,4297
run_017,Foundry_Taiwan_A,Taiwan,Foundry,2020-10-04,10250,10515,1.0,none,30,7410,7410,110046,0,5467
run_017,IDM_USA_B,USA,IDM,2020-10-04,11312,11541,1.0,none,24,7104,7104,102421,0,4589
run_017,OSAT_Malaysia_C,Malaysia,OSAT,2020-10-04,16983,10590,0.615,pandemic_closure (Recovery),21,6560,6560,264477,0,7181
run_017,Foundry_Germany_D,Germany,Foundry,2020-10-04,7509,1655,0.235,"geopolitical_tension (Active), pandemic_closure (Active), trade_restrictions (Active)",82,6288,6288,16115,0,4297
run_017,Foundry_Taiwan_A,Taiwan,Foundry,2020-10-11,10250,11431,1.0,none,30,6922,6922,114555,0,5467
run_017,IDM_USA_B,USA,IDM,2020-10-11,11312,11464,1.0,none,22,8411,8411,105474,0,4589
run_017,OSAT_Malaysia_C,Malaysia,OSAT,2020-10-11,16983,13435,0.743,pandemic_closure (Recovery),18,6315,6315,271597,0,7181
run_017,Foundry_Germany_D,Germany,Foundry,2020-10-11,7509,1708,0.235,"geopolitical_tension (Active), pandemic_closure (Active), trade_restrictions (Active)",88,7859,7859,9964,0,4297
run_017,Foundry_Taiwan_A,Taiwan,Foundry,2020-10-18,10250,9969,1.0,none,31,8823,8823,115701,0,5467
run_017,IDM_USA_B,USA,IDM,2020-10-18,11312,11545,1.0,none,21,8201,8201,108818,0,4589
run_017,OSAT_Malaysia_C,Malaysia,OSAT,2020-10-18,16983,15557,0.871,pandemic_closure (Recovery),16,8156,8156,278998,0,7181
run_017,Foundry_Germany_D,Germany,Foundry,2020-10-18,7509,1885,0.256,"geopolitical_tension (Active), pandemic_closure (Active), trade_restrictions (Recovery)",87,9026,9026,2823,0,4297
run_017,Foundry_Taiwan_A,Taiwan,Foundry,2020-10-25,10250,10061,1.0,none,27,6062,6062,119700,0,5467
run_017,IDM_USA_B,USA,IDM,2020-10-25,11312,10873,1.0,none,23,10097,10097,109594,0,4589
run_017,OSAT_Malaysia_C,Malaysia,OSAT,2020-10-25,16983,16442,1.0,pandemic_closure (Recovery),16,6852,6852,288588,0,7181
run_017,Foundry_Germany_D,Germany,Foundry,2020-10-25,7509,1930,0.278,"geopolitical_tension (Active), pandemic_closure (Active), trade_restrictions (Recovery)",86,8306,4753,0,3553,4297
run_017,Foundry_Taiwan_A,Taiwan,Foundry,2020-11-01,10250,9756,1.0,none,27,7681,7681,121775,0,5467
run_017,IDM_USA_B,USA,IDM,2020-11-01,11312,11485,1.0,none,23,7664,7664,113415,0,4589
run_017,OSAT_Malaysia_C,Malaysia,OSAT,2020-11-01,16983,16904,1.0,logistics_bottleneck (Active),40,7070,7070,298422,0,7181
run_017,Foundry_Germany_D,Germany,Foundry,2020-11-01,7509,2498,0.326,"geopolitical_tension (Recovery), pandemic_closure (Active), trade_restrictions (Recovery)",85,8593,2498,0,6095,4297
run_017,Foundry_Taiwan_A,Taiwan,Foundry,2020-11-08,10250,10086,1.0,none,27,4835,4835,127026,0,5467
run_017,IDM_USA_B,USA,IDM,2020-11-08,11312,11042,1.0,none,21,6018,6018,118439,0,4589
run_017,OSAT_Malaysia_C,Malaysia,OSAT,2020-11-08,16983,17548,1.0,logistics_bottleneck (Active),35,7214,7214,308756,0,7181
run_017,Foundry_Germany_D,Germany,Foundry,2020-11-08,7509,2754,0.353,"geopolitical_tension (Recovery), pandemic_closure (Active)",83,6758,2754,0,4004,4297
run_017,Foundry_Taiwan_A,Taiwan,Foundry,2020-11-15,10250,10577,1.0,none,32,7041,7041,130562,0,5467
run_017,IDM_USA_B,USA,IDM,2020-11-15,11312,10954,1.0,none,23,5911,5911,123482,0,4589
run_017,OSAT_Malaysia_C,Malaysia,OSAT,2020-11-15,16983,16877,1.0,logistics_bottleneck (Recovery),18,4899,4899,320734,0,7181
run_017,Foundry_Germany_D,Germany,Foundry,2020-11-15,7509,4197,0.515,pandemic_closure (Recovery),31,7924,4197,0,3727,4297
run_017,Foundry_Taiwan_A,Taiwan,Foundry,2020-11-22,10250,9897,1.0,logistics_bottleneck (Active),46,5857,5857,134602,0,5467
run_017,IDM_USA_B,USA,IDM,2020-11-22,11312,11302,1.0,none,22,5941,5941,128843,0,4589
run_017,OSAT_Malaysia_C,Malaysia,OSAT,2020-11-22,16983,16564,1.0,none,18,4767,4767,332531,0,7181
run_017,Foundry_Germany_D,Germany,Foundry,2020-11-22,7509,5100,0.676,pandemic_closure (Recovery),31,8091,5100,0,2991,4297
run_017,Foundry_Taiwan_A,Taiwan,Foundry,2020-11-29,10250,9525,1.0,logistics_bottleneck (Active),46,9364,9364,134763,0,5467
run_017,IDM_USA_B,USA,IDM,2020-11-29,11312,11401,1.0,none,22,7314,7314,132930,0,4589
run_017,OSAT_Malaysia_C,Malaysia,OSAT,2020-11-29,16983,16200,1.0,none,17,6558,6558,342173,0,7181
run_017,Foundry_Germany_D,Germany,Foundry,2020-11-29,7509,6362,0.838,pandemic_closure (Recovery),32,4598,4598,1764,0,4297
run_017,Foundry_Taiwan_A,Taiwan,Foundry,2020-12-06,10250,10123,1.0,logistics_bottleneck (Active),49,6163,6163,138723,0,5467
run_017,IDM_USA_B,USA,IDM,2020-12-06,11312,11643,1.0,none,23,6106,6106,138467,0,4589
run_017,OSAT_Malaysia_C,Malaysia,OSAT,2020-12-06,16983,17643,1.0,none,22,5173,5173,354643,0,7181
run_017,Foundry_Germany_D,Germany,Foundry,2020-12-06,7509,7316,1.0,pandemic_closure (Recovery),35,6809,6809,2271,0,4297
run_017,Foundry_Taiwan_A,Taiwan,Foundry,2020-12-13,10250,10033,1.0,logistics_bottleneck (Active),49,6158,6158,142598,0,5467
run_017,IDM_USA_B,USA,IDM,2020-12-13,11312,11782,1.0,none,23,5476,5476,144773,0,4589
run_017,OSAT_Malaysia_C,Malaysia,OSAT,2020-12-13,16983,16838,1.0,none,17,10655,10655,360826,0,7181
run_017,Foundry_Germany_D,Germany,Foundry,2020-12-13,7509,7339,1.0,none,31,6829,6829,2781,0,4297
run_017,Foundry_Taiwan_A,Taiwan,Foundry,2020-12-20,10250,11275,1.0,logistics_bottleneck (Recovery),31,6650,6650,147223,0,5467
run_017,IDM_USA_B,USA,IDM,2020-12-20,11312,10235,1.0,none,25,8254,8254,146754,0,4589
run_017,OSAT_Malaysia_C,Malaysia,OSAT,2020-12-20,16983,17967,1.0,none,19,10613,10613,368180,0,7181
run_017,Foundry_Germany_D,Germany,Foundry,2020-12-20,7509,7381,1.0,none,35,7578,7578,2584,0,4297
run_017,Foundry_Taiwan_A,Taiwan,Foundry,2020-12-27,10250,9772,1.0,none,27,6164,6164,150831,0,5467
run_017,IDM_USA_B,USA,IDM,2020-12-27,11312,10821,1.0,none,24,4894,4894,152681,0,4589
run_017,OSAT_Malaysia_C,Malaysia,OSAT,2020-12-27,16983,16636,1.0,none,18,8089,8089,376727,0,7181
run_017,Foundry_Germany_D,Germany,Foundry,2020-12-27,7509,7111,1.0,none,31,12202,9695,0,2507,4297
run_017,Foundry_Taiwan_A,Taiwan,Foundry,2021-01-03,10250,9962,1.0,none,30,7088,7088,153705,0,5467
run_017,IDM_USA_B,USA,IDM,2021-01-03,11312,10942,1.0,none,21,7030,7030,156593,0,4589
run_017,OSAT_Malaysia_C,Malaysia,OSAT,2021-01-03,16983,17369,1.0,none,19,7518,7518,386578,0,7181
run_017,Foundry_Germany_D,Germany,Foundry,2021-01-03,7509,6971,1.0,none,32,7576,6971,0,605,4297
run_017,Foundry_Taiwan_A,Taiwan,Foundry,2021-01-10,10250,10275,1.0,none,31,8486,8486,155494,0,5467
run_017,IDM_USA_B,USA,IDM,2021-01-10,11312,10934,1.0,none,25,7635,7635,159892,0,4589
run_017,OSAT_Malaysia_C,Malaysia,OSAT,2021-01-10,16983,16348,1.0,none,19,6431,6431,396495,0,7181
run_017,Foundry_Germany_D,Germany,Foundry,2021-01-10,7509,4915,0.659,trade_restrictions (Active),53,3831,3831,1084,0,4297
run_017,Foundry_Taiwan_A,Taiwan,Foundry,2021-01-17,10250,9889,1.0,none,28,11470,11470,153913,0,5467
run_017,IDM_USA_B,USA,IDM,2021-01-17,11312,11474,1.0,none,19,7273,7273,164093,0,4589
run_017,OSAT_Malaysia_C,Malaysia,OSAT,2021-01-17,16983,16240,1.0,none,16,6821,6821,405914,0,7181
run_017,Foundry_Germany_D,Germany,Foundry,2021-01-17,7509,3503,0.462,trade_restrictions (Active),57,7401,4587,0,2814,4297
run_017,Foundry_Taiwan_A,Taiwan,Foundry,2021-01-24,10250,9870,1.0,none,29,12626,12626,151157,0,5467
run_017,IDM_USA_B,USA,IDM,2021-01-24,11312,11878,1.0,none,21,9754,9754,166217,0,4589
run_017,OSAT_Malaysia_C,Malaysia,OSAT,2021-01-24,16983,16590,1.0,none,16,7218,7218,415286,0,7181
run_017,Foundry_Germany_D,Germany,Foundry,2021-01-24,7509,3451,0.462,trade_restrictions (Active),57,10643,3451,0,7192,4297
run_017,Foundry_Taiwan_A,Taiwan,Foundry,2021-01-31,10250,9945,1.0,none,28,8867,8867,152235,0,5467
run_017,IDM_USA_B,USA,IDM,2021-01-31,11312,11794,1.0,none,22,3999,3999,174012,0,4589
run_017,OSAT_Malaysia_C,Malaysia,OSAT,2021-01-31,16983,11041,0.653,trade_restrictions (Active),28,7634,7634,418693,0,7181
run_017,Foundry_Germany_D,Germany,Foundry,2021-01-31,7509,3248,0.462,trade_restrictions (Active),55,10691,3248,0,7443,4297
run_017,Foundry_Taiwan_A,Taiwan,Foundry,2021-02-07,10250,10015,1.0,none,30,9806,9806,152444,0,5467
run_017,IDM_USA_B,USA,IDM,2021-02-07,11312,11216,1.0,none,26,9273,9273,175955,0,4589
run_017,OSAT_Malaysia_C,Malaysia,OSAT,2021-02-07,16983,11449,0.653,trade_restrictions (Active),31,5943,5943,424199,0,7181
run_017,Foundry_Germany_D,Germany,Foundry,2021-02-07,7509,3584,0.462,trade_restrictions (Active),57,12221,3584,0,8637,4297
run_017,Foundry_Taiwan_A,Taiwan,Foundry,2021-02-14,10250,9752,1.0,none,33,7072,7072,155124,0,5467
run_017,IDM_USA_B,USA,IDM,2021-02-14,11312,11157,1.0,none,27,8309,8309,178803,0,4589
run_017,OSAT_Malaysia_C,Malaysia,OSAT,2021-02-14,16983,10213,0.653,trade_restrictions (Active),29,5698,5698,428714,0,7181
run_017,Foundry_Germany_D,Germany,Foundry,2021-02-14,7509,4057,0.528,"trade_restrictions (Active), trade_restrictions (Recovery)",53,6052,4057,0,1995,4297
run_017,Foundry_Taiwan_A,Taiwan,Foundry,2021-02-21,10250,10763,1.0,none,31,6903,6903,158984,0,5467
run_017,IDM_USA_B,USA,IDM,2021-02-21,11312,11410,1.0,none,23,11631,11631,178582,0,4589
run_017,OSAT_Malaysia_C,Malaysia,OSAT,2021-02-21,16983,11332,0.653,trade_restrictions (Active),28,5769,5769,434277,0,7181
run_017,Foundry_Germany_D,Germany,Foundry,2021-02-21,7509,5285,0.696,trade_restrictions (Recovery),33,6512,5285,0,1227,4297
run_017,Foundry_Taiwan_A,Taiwan,Foundry,2021-02-28,10250,10233,1.0,none,28,8854,8854,160363,0,5467
run_017,IDM_USA_B,USA,IDM,2021-02-28,11312,11323,1.0,none,23,10166,10166,179739,0,4589
run_017,OSAT_Malaysia_C,Malaysia,OSAT,2021-02-28,16983,10541,0.653,trade_restrictions (Active),25,7507,7507,437311,0,7181
run_017,Foundry_Germany_D,Germany,Foundry,2021-02-28,7509,6288,0.886,trade_restrictions (Recovery),32,5718,5718,570,0,4297
run_017,Foundry_Taiwan_A,Taiwan,Foundry,2021-03-07,10250,9772,1.0,none,31,9917,9917,160218,0,5467
run_017,IDM_USA_B,USA,IDM,2021-03-07,11312,11479,1.0,none,26,8439,8439,182779,0,4589
run_017,OSAT_Malaysia_C,Malaysia,OSAT,2021-03-07,16983,10939,0.653,trade_restrictions (Active),30,9312,9312,438938,0,7181
run_017,Foundry_Germany_D,Germany,Foundry,2021-03-07,7509,5718,0.782,"geopolitical_tension (Active), trade_restrictions (Recovery)",56,4901,4901,1387,0,4297
run_017,Foundry_Taiwan_A,Taiwan,Foundry,2021-03-14,10250,10089,1.0,none,29,7141,7141,163166,0,5467
run_017,IDM_USA_B,USA,IDM,2021-03-14,11312,11630,1.0,none,22,6415,6415,187994,0,4589
run_017,OSAT_Malaysia_C,Malaysia,OSAT,2021-03-14,16983,11099,0.653,trade_restrictions (Active),28,8993,8993,441044,0,7181
run_017,Foundry_Germany_D,Germany,Foundry,2021-03-14,7509,5749,0.782,geopolitical_tension (Active),53,8313,7136,0,1177,4297
run_017,Foundry_Taiwan_A,Taiwan,Foundry,2021-03-21,10250,7570,0.702,trade_restrictions (Active),50,9718,9718,161018,0,5467
run_017,IDM_USA_B,USA,IDM,2021-03-21,11312,11438,1.0,none,23,5630,5630,193802,0,4589
run_017,OSAT_Malaysia_C,Malaysia,OSAT,2021-03-21,16983,12547,0.769,trade_restrictions (Recovery),15,8633,8633,444958,0,7181
run_017,Foundry_Germany_D,Germany,Foundry,2021-03-21,7509,5711,0.782,geopolitical_tension (Active),56,6119,5711,0,408,4297
run_017,Foundry_Taiwan_A,Taiwan,Foundry,2021-03-28,10250,6992,0.702,trade_restrictions (Active),52,7331,7331,160679,0,5467
run_017,IDM_USA_B,USA,IDM,2021-03-28,11312,11003,1.0,none,27,7725,7725,197080,0,4589
run_017,OSAT_Malaysia_C,Malaysia,OSAT,2021-03-28,16983,14606,0.884,trade_restrictions (Recovery),19,6143,6143,453421,0,7181
run_017,Foundry_Germany_D,Germany,Foundry,2021-03-28,7509,5694,0.782,geopolitical_tension (Active),54,5880,5694,0,186,4297
run_017,Foundry_Taiwan_A,Taiwan,Foundry,2021-04-04,10250,6821,0.702,trade_restrictions (Active),54,11730,11730,155770,0,5467
run_017,IDM_USA_B,USA,IDM,2021-04-04,11312,10220,0.85,"geopolitical_tension (Active), logistics_bottleneck (Active)",62,7538,7538,199762,0,4589
run_017,OSAT_Malaysia_C,Malaysia,OSAT,2021-04-04,16983,17506,1.0,trade_restrictions (Recovery),18,6545,6545,464382,0,7181
run_017,Foundry_Germany_D,Germany,Foundry,2021-04-04,7509,6103,0.782,geopolitical_tension (Active),55,10367,6103,0,4264,4297
run_017,Foundry_Taiwan_A,Taiwan,Foundry,2021-04-11,10250,7964,0.801,trade_restrictions (Recovery),29,9754,9754,153980,0,5467
run_017,IDM_USA_B,USA,IDM,2021-04-11,11312,9800,0.85,"geopolitical_tension (Active), logistics_bottleneck (Recovery)",36,11016,11016,198546,0,4589
run_017,OSAT_Malaysia_C,Malaysia,OSAT,2021-04-11,16983,15868,1.0,none,18,4584,4584,475666,0,7181
run_017,Foundry_Germany_D,Germany,Foundry,2021-04-11,7509,5791,0.782,geopolitical_tension (Active),53,6756,5791,0,965,4297
run_017,Foundry_Taiwan_A,Taiwan,Foundry,2021-04-18,10250,9358,0.901,trade_restrictions (Recovery),29,4464,4464,158874,0,5467
run_017,IDM_USA_B,USA,IDM,2021-04-18,11312,9569,0.85,geopolitical_tension (Active),36,6391,6391,201724,0,4589
run_017,OSAT_Malaysia_C,Malaysia,OSAT,2021-04-18,16983,15904,1.0,none,16,8492,8492,483078,0,7181
run_017,Foundry_Germany_D,Germany,Foundry,2021-04-18,7509,5633,0.782,"geopolitical_tension (Active), logistics_bottleneck (Active)",75,6625,5633,0,992,4297
run_017,Foundry_Taiwan_A,Taiwan,Foundry,2021-04-25,10250,11293,1.0,trade_restrictions (Recovery),28,5395,5395,164772,0,5467
run_017,IDM_USA_B,USA,IDM,2021-04-25,11312,10295,0.85,geopolitical_tension (Active),33,8333,8333,203686,0,4589
run_017,OSAT_Malaysia_C,Malaysia,OSAT,2021-04-25,16983,17213,1.0,none,18,12113,12113,488178,0,7181
run_017,Foundry_Germany_D,Germany,Foundry,2021-04-25,7509,6730,0.891,"geopolitical_tension (Recovery), logistics_bottleneck (Recovery)",32,9210,6730,0,2480,4297
run_017,Foundry_Taiwan_A,Taiwan,Foundry,2021-05-02,10250,9812,1.0,logistics_bottleneck (Active),64,8142,8142,166442,0,5467
run_017,IDM_USA_B,USA,IDM,2021-05-02,11312,10836,0.925,geopolitical_tension (Recovery),25,6218,6218,208304,0,4589
run_017,OSAT_Malaysia_C,Malaysia,OSAT,2021-05-02,16983,16414,1.0,none,14,8133,8133,496459,0,7181
run_017,Foundry_Germany_D,Germany,Foundry,2021-05-02,7509,7933,1.0,geopolitical_tension (Recovery),31,5478,5478,2455,0,4297
run_017,Foundry_Taiwan_A,Taiwan,Foundry,2021-05-09,10250,10419,1.0,logistics_bottleneck (Recovery),31,6925,6925,169936,0,5467
run_017,IDM_USA_B,USA,IDM,2021-05-09,11312,9326,0.819,"geopolitical_tension (Recovery), logistics_bottleneck (Active), trade_restrictions (Active)",48,6723,6723,210907,0,4589
run_017,OSAT_Malaysia_C,Malaysia,OSAT,2021-05-09,16983,16938,1.0,none,16,7364,7364,506033,0,7181
run_017,Foundry_Germany_D,Germany,Foundry,2021-05-09,7509,8026,1.0,none,33,5999,5999,4482,0,4297
run_017,Foundry_Taiwan_A,Taiwan,Foundry,2021-05-16,10250,11011,1.0,none,30,4455,4455,176492,0,5467
run_017,IDM_USA_B,USA,IDM,2021-05-16,11312,8962,0.819,"logistics_bottleneck (Active), trade_restrictions (Active)",42,5356,5356,214513,0,4589
run_017,OSAT_Malaysia_C,Malaysia,OSAT,2021-05-16,16983,16959,1.0,none,20,9971,9971,513021,0,7181
run_017,Foundry_Germany_D,Germany,Foundry,2021-05-16,7509,7715,1.0,none,33,6031,6031,6166,0,4297
run_017,Foundry_Taiwan_A,Taiwan,Foundry,2021-05-23,10250,11006,1.0,none,28,7636,7636,179862,0,5467
run_017,IDM_USA_B,USA,IDM,2021-05-23,11312,2791,0.253,"cyber_attack (Active), logistics_bottleneck (Active), trade_restrictions (Active)",44,10576,10576,206728,0,4589
run_017,OSAT_Malaysia_C,Malaysia,OSAT,2021-05-23,16983,17109,1.0,none,19,5188,5188,524942,0,7181
run_017,Foundry_Germany_D,Germany,Foundry,2021-05-23,7509,8178,1.0,none,35,4570,4570,9774,0,4297
run_017,Foundry_Taiwan_A,Taiwan,Foundry,2021-05-30,10250,10050,1.0,none,27,5793,5793,184119,0,5467
run_017,IDM_USA_B,USA,IDM,2021-05-30,11312,2890,0.253,"cyber_attack (Active), logistics_bottleneck (Active), trade_restrictions (Active)",45,6870,6870,202748,0,4589
run_017,OSAT_Malaysia_C,Malaysia,OSAT,2021-05-30,16983,16382,1.0,none,20,7886,7886,533438,0,7181
run_017,Foundry_Germany_D,Germany,Foundry,2021-05-30,7509,7719,1.0,none,34,8518,8518,8975,0,4297
run_017,Foundry_Taiwan_A,Taiwan,Foundry,2021-06-06,10250,9759,1.0,none,31,6411,6411,187467,0,5467
run_017,IDM_USA_B,USA,IDM,2021-06-06,11312,6048,0.536,"cyber_attack (Recovery), logistics_bottleneck (Recovery), trade_restrictions (Active)",48,5828,5828,202968,0,4589
run_017,OSAT_Malaysia_C,Malaysia,OSAT,2021-06-06,16983,17326,1.0,none,17,10182,10182,540582,0,7181
run_017,Foundry_Germany_D,Germany,Foundry,2021-06-06,7509,7246,1.0,none,32,7914,7914,8307,0,4297
run_017,Foundry_Taiwan_A,Taiwan,Foundry,2021-06-13,10250,9616,1.0,none,29,7862,7862,189221,0,5467
run_017,IDM_USA_B,USA,IDM,2021-06-13,11312,9359,0.819,"cyber_attack (Recovery), trade_restrictions (Active)",46,4540,4540,207787,0,4589
run_017,OSAT_Malaysia_C,Malaysia,OSAT,2021-06-13,16983,17526,1.0,none,17,6247,6247,551861,0,7181
run_017,Foundry_Germany_D,Germany,Foundry,2021-06-13,7509,7212,1.0,none,33,6800,6800,8719,0,4297
run_017,Foundry_Taiwan_A,Taiwan,Foundry,2021-06-20,10250,10508,1.0,none,28,6817,6817,192912,0,5467
run_017,IDM_USA_B,USA,IDM,2021-06-20,11312,9544,0.819,trade_restrictions (Active),46,5485,5485,211846,0,4589
run_017,OSAT_Malaysia_C,Malaysia,OSAT,2021-06-20,16983,14803,0.839,trade_restrictions (Active),22,7247,7247,559417,0,7181
run_017,Foundry_Germany_D,Germany,Foundry,2021-06-20,7509,6953,1.0,none,33,11869,11869,3803,0,4297
run_017,Foundry_Taiwan_A,Taiwan,Foundry,2021-06-27,10250,9902,1.0,none,30,8416,8416,194398,0,5467
run_017,IDM_USA_B,USA,IDM,2021-06-27,11312,9999,0.879,trade_restrictions (Recovery),23,8456,8456,213389,0,4589
run_017,OSAT_Malaysia_C,Malaysia,OSAT,2021-06-27,16983,15121,0.839,trade_restrictions (Active),25,10051,10051,564487,0,7181
run_017,Foundry_Germany_D,Germany,Foundry,2021-06-27,7509,7060,1.0,none,34,7564,7564,3299,0,4297
run_017,Foundry_Taiwan_A,Taiwan,Foundry,2021-07-04,10250,11041,1.0,none,34,8185,8185,197254,0,5467
run_017,IDM_USA_B,USA,IDM,2021-07-04,11312,10594,0.94,trade_restrictions (Recovery),23,5517,5517,218466,0,4589
run_017,OSAT_Malaysia_C,Malaysia,OSAT,2021-07-04,16983,13728,0.839,trade_restrictions (Active),23,4548,4548,573667,0,7181
run_017,Foundry_Germany_D,Germany,Foundry,2021-07-04,7509,7567,1.0,none,36,8151,8151,2715,0,4297
run_017,Foundry_Taiwan_A,Taiwan,Foundry,2021-07-11,10250,9407,1.0,none,29,8301,8301,198360,0,5467
run_017,IDM_USA_B,USA,IDM,2021-07-11,11312,11379,1.0,trade_restrictions (Recovery),18,5877,5877,223968,0,4589
run_017,OSAT_Malaysia_C,Malaysia,OSAT,2021-07-11,16983,14089,0.839,trade_restrictions (Active),20,4424,4424,583332,0,7181
run_017,Foundry_Germany_D,Germany,Foundry,2021-07-11,7509,7407,1.0,none,31,5868,5868,4254,0,4297
run_017,Foundry_Taiwan_A,Taiwan,Foundry,2021-07-18,10250,10118,1.0,none,33,7514,7514,200964,0,5467
run_017,IDM_USA_B,USA,IDM,2021-07-18,11312,11084,1.0,none,22,11179,11179,223873,0,4589
run_017,OSAT_Malaysia_C,Malaysia,OSAT,2021-07-18,16983,13260,0.839,trade_restrictions (Active),23,10095,10095,586497,0,7181
run_017,Foundry_Germany_D,Germany,Foundry,2021-07-18,7509,7654,1.0,none,34,5621,5621,6287,0,4297
run_017,Foundry_Taiwan_A,Taiwan,Foundry,2021-07-25,10250,10791,1.0,none,31,7819,7819,203936,0,5467
run_017,IDM_USA_B,USA,IDM,2021-07-25,11312,11180,1.0,none,24,5524,5524,229529,0,4589
run_017,OSAT_Malaysia_C,Malaysia,OSAT,2021-07-25,16983,14132,0.839,trade_restrictions (Active),24,7487,7487,593142,0,7181
run_017,Foundry_Germany_D,Germany,Foundry,2021-07-25,7509,7681,1.0,none,33,3359,3359,10609,0,4297
run_017,Foundry_Taiwan_A,Taiwan,Foundry,2021-08-01,10250,10195,1.0,none,29,7781,7781,206350,0,5467
run_017,IDM_USA_B,USA,IDM,2021-08-01,11312,11532,1.0,none,26,7963,7963,233098,0,4589
run_017,OSAT_Malaysia_C,Malaysia,OSAT,2021-08-01,16983,14178,0.839,trade_restrictions (Active),22,5624,5624,601696,0,7181
run_017,Foundry_Germany_D,Germany,Foundry,2021-08-01,7509,7679,1.0,none,31,13329,13329,4959,0,4297
run_017,Foundry_Taiwan_A,Taiwan,Foundry,2021-08-08,10250,9902,1.0,none,30,9901,9901,206351,0,5467
run_017,IDM_USA_B,USA,IDM,2021-08-08,11312,10691,1.0,none,23,8732,8732,235057,0,4589
run_017,OSAT_Malaysia_C,Malaysia,OSAT,2021-08-08,16983,14462,0.839,trade_restrictions (Active),26,4064,4064,612094,0,7181
run_017,Foundry_Germany_D,Germany,Foundry,2021-08-08,7509,7652,1.0,none,34,9802,9802,2809,0,4297
run_017,Foundry_Taiwan_A,Taiwan,Foundry,2021-08-15,10250,9957,1.0,none,29,7242,7242,209066,0,5467
run_017,IDM_USA_B,USA,IDM,2021-08-15,11312,10478,1.0,none,25,9651,9651,235884,0,4589
run_017,OSAT_Malaysia_C,Malaysia,OSAT,2021-08-15,16983,15347,0.893,trade_restrictions (Recovery),19,4434,4434,623007,0,7181
run_017,Foundry_Germany_D,Germany,Foundry,2021-08-15,7509,7572,1.0,none,31,9519,9519,862,0,4297
run_017,Foundry_Taiwan_A,Taiwan,Foundry,2021-08-22,10250,10309,1.0,none,30,10264,10264,209111,0,5467
run_017,IDM_USA_B,USA,IDM,2021-08-22,11312,11511,1.0,none,25,7425,7425,239970,0,4589
run_017,OSAT_Malaysia_C,Malaysia,OSAT,2021-08-22,16983,15332,0.946,trade_restrictions (Recovery),20,9602,9602,628737,0,7181
run_017,Foundry_Germany_D,Germany,Foundry,2021-08-22,7509,7540,1.0,none,34,4122,4122,4280,0,4297
run_017,Foundry_Taiwan_A,Taiwan,Foundry,2021-08-29,10250,9540,1.0,none,29,6006,6006,212645,0,5467
run_017,IDM_USA_B,USA,IDM,2021-08-29,11312,11650,1.0,none,25,8720,8720,242900,0,4589
run_017,OSAT_Malaysia_C,Malaysia,OSAT,2021-08-29,16983,18216,1.0,trade_restrictions (Recovery),17,5042,5042,641911,0,7181
run_017,Foundry_Germany_D,Germany,Foundry,2021-08-29,7509,7771,1.0,none,35,8326,8326,3725,0,4297
run_017,Foundry_Taiwan_A,Taiwan,Foundry,2021-09-05,10250,10234,1.0,none,30,7440,7440,215439,0,5467
run_017,IDM_USA_B,USA,IDM,2021-09-05,11312,10793,1.0,none,26,6487,6487,247206,0,4589
run_017,OSAT_Malaysia_C,Malaysia,OSAT,2021-09-05,16983,18463,1.0,none,15,9078,9078,651296,0,7181
run_017,Foundry_Germany_D,Germany,Foundry,2021-09-05,7509,7143,1.0,none,30,7166,7166,3702,0,4297
run_017,Foundry_Taiwan_A,Taiwan,Foundry,2021-09-12,10250,10555,1.0,none,30,10371,10371,215623,0,5467
run_017,IDM_USA_B,USA,IDM,2021-09-12,11312,11299,1.0,none,22,6983,6983,251522,0,4589
run_017,OSAT_Malaysia_C,Malaysia,OSAT,2021-09-12,16983,16170,1.0,none,19,6344,6344,661122,0,7181
run_017,Foundry_Germany_D,Germany,Foundry,2021-09-12,7509,8121,1.0,none,29,10510,10510,1313,0,4297
run_017,Foundry_Taiwan_A,Taiwan,Foundry,2021-09-19,10250,10200,1.0,none,31,9431,9431,216392,0,5467
run_017,IDM_USA_B,USA,IDM,2021-09-19,11312,10609,1.0,none,24,7433,7433,254698,0,4589
run_017,OSAT_Malaysia_C,Malaysia,OSAT,2021-09-19,16983,17801,1.0,none,15,10794,10794,668129,0,7181
run_017,Foundry_Germany_D,Germany,Foundry,2021-09-19,7509,7750,1.0,none,34,8653,8653,410,0,4297
run_017,Foundry_Taiwan_A,Taiwan,Foundry,2021-09-26,10250,10858,1.0,none,31,5784,5784,221466,0,5467
run_017,IDM_USA_B,USA,IDM,2021-09-26,11312,10611,1.0,none,24,8280,8280,257029,0,4589
run_017,OSAT_Malaysia_C,Malaysia,OSAT,2021-09-26,16983,16460,1.0,none,19,8051,8051,676538,0,7181
run_017,Foundry_Germany_D,Germany,Foundry,2021-09-26,7509,6623,1.0,none,32,6813,6813,220,0,4297
run_017,Foundry_Taiwan_A,Taiwan,Foundry,2021-10-03,10250,10883,1.0,none,27,10466,10466,221883,0,5467
run_017,IDM_USA_B,USA,IDM,2021-10-03,11312,11273,1.0,none,22,5776,5776,262526,0,4589
run_017,OSAT_Malaysia_C,Malaysia,OSAT,2021-10-03,16983,17521,1.0,none,22,9145,9145,684914,0,7181
run_017,Foundry_Germany_D,Germany,Foundry,2021-10-03,7509,7706,1.0,none,32,6260,6260,1666,0,4297
run_017,Foundry_Taiwan_A,Taiwan,Foundry,2021-10-10,10250,9271,1.0,none,32,5269,5269,225885,0,5467
run_017,IDM_USA_B,USA,IDM,2021-10-10,11312,11420,1.0,none,26,7990,7990,265956,0,4589
run_017,OSAT_Malaysia_C,Malaysia,OSAT,2021-10-10,16983,17920,1.0,none,15,5485,5485,697349,0,7181
run_017,Foundry_Germany_D,Germany,Foundry,2021-10-10,7509,6997,1.0,none,32,10991,8663,0,2328,4297
run_017,Foundry_Taiwan_A,Taiwan,Foundry,2021-10-17,10250,10572,1.0,none,32,7626,7626,228831,0,5467
run_017,IDM_USA_B,USA,IDM,2021-10-17,11312,11256,1.0,none,22,8641,8641,268571,0,4589
run_017,OSAT_Malaysia_C,Malaysia,OSAT,2021-10-17,16983,17045,1.0,none,16,6660,6660,707734,0,7181
run_017,Foundry_Germany_D,Germany,Foundry,2021-10-17,7509,7926,1.0,none,31,10164,7926,0,2238,4297
run_017,Foundry_Taiwan_A,Taiwan,Foundry,2021-10-24,10250,9580,1.0,none,29,8773,8773,229638,0,5467
run_017,IDM_USA_B,USA,IDM,2021-10-24,11312,11844,1.0,none,23,8847,8847,271568,0,4589
run_017,OSAT_Malaysia_C,Malaysia,OSAT,2021-10-24,16983,16530,1.0,none,15,7860,7860,716404,0,7181
run_017,Foundry_Germany_D,Germany,Foundry,2021-10-24,7509,7873,1.0,none,29,7990,7873,0,117,4297
run_017,Foundry_Taiwan_A,Taiwan,Foundry,2021-10-31,10250,9759,1.0,none,29,7841,7841,231556,0,5467
run_017,IDM_USA_B,USA,IDM,2021-10-31,11312,11548,1.0,logistics_bottleneck (Active),50,7709,7709,275407,0,4589
run_017,OSAT_Malaysia_C,Malaysia,OSAT,2021-10-31,16983,17325,1.0,none,21,7216,7216,726513,0,7181
run_017,Foundry_Germany_D,Germany,Foundry,2021-10-31,7509,7696,1.0,none,36,6374,6374,1322,0,4297
run_017,Foundry_Taiwan_A,Taiwan,Foundry,2021-11-07,10250,10797,1.0,none,28,10424,10424,231929,0,5467
run_017,IDM_USA_B,USA,IDM,2021-11-07,11312,11047,1.0,logistics_bottleneck (Active),49,7082,7082,279372,0,4589
run_017,OSAT_Malaysia_C,Malaysia,OSAT,2021-11-07,16983,17875,1.0,none,17,5084,5084,739304,0,7181
run_017,Foundry_Germany_D,Germany,Foundry,2021-11-07,7509,4226,0.626,natural_disaster (Active),51,7871,5548,0,2323,4297
run_017,Foundry_Taiwan_A,Taiwan,Foundry,2021-11-14,10250,10162,1.0,none,25,5156,5156,236935,0,5467
run_017,IDM_USA_B,USA,IDM,2021-11-14,11312,11744,1.0,logistics_bottleneck (Active),48,8439,8439,282677,0,4589
run_017,OSAT_Malaysia_C,Malaysia,OSAT,2021-11-14,16983,17610,1.0,none,19,12114,12114,744800,0,7181
run_017,Foundry_Germany_D,Germany,Foundry,2021-11-14,7509,4429,0.626,natural_disaster (Active),50,11211,4429,0,6782,4297
run_017,Foundry_Taiwan_A,Taiwan,Foundry,2021-11-21,10250,9276,1.0,none,30,6266,6266,239945,0,5467
run_017,IDM_USA_B,USA,IDM,2021-11-21,11312,11301,1.0,logistics_bottleneck (Active),48,6963,6963,287015,0,4589
run_017,OSAT_Malaysia_C,Malaysia,OSAT,2021-11-21,16983,17884,1.0,none,17,6768,6768,755916,0,7181
run_017,Foundry_Germany_D,Germany,Foundry,2021-11-21,7509,4410,0.626,natural_disaster (Active),46,8237,4410,0,3827,4297
run_017,Foundry_Taiwan_A,Taiwan,Foundry,2021-11-28,10250,9730,1.0,none,30,11665,11665,238010,0,5467
run_017,IDM_USA_B,USA,IDM,2021-11-28,11312,11344,1.0,logistics_bottleneck (Recovery),24,8723,8723,289636,0,4589
run_017,OSAT_Malaysia_C,Malaysia,OSAT,2021-11-28,16983,17186,1.0,none,15,5786,5786,767316,0,7181
run_017,Foundry_Germany_D,Germany,Foundry,2021-11-28,7509,5676,0.701,natural_disaster (Recovery),35,4642,4642,1034,0,4297
run_017,Foundry_Taiwan_A,Taiwan,Foundry,2021-12-05,10250,10917,1.0,none,31,7244,7244,241683,0,5467
run_017,IDM_USA_B,USA,IDM,2021-12-05,11312,11024,1.0,none,24,7852,7852,292808,0,4589
run_017,OSAT_Malaysia_C,Malaysia,OSAT,2021-12-05,16983,16083,1.0,logistics_bottleneck (Active),33,8215,8215,775184,0,7181
run_017,Foundry_Germany_D,Germany,Foundry,2021-12-05,7509,5618,0.776,natural_disaster (Recovery),30,6620,6620,32,0,4297
run_017,Foundry_Taiwan_A,Taiwan,Foundry,2021-12-12,10250,9794,1.0,none,23,8873,8873,242604,0,5467
run_017,IDM_USA_B,USA,IDM,2021-12-12,11312,11232,1.0,none,23,5604,5604,298436,0,4589
run_017,OSAT_Malaysia_C,Malaysia,OSAT,2021-12-12,16983,16628,1.0,logistics_bottleneck (Active),33,9656,9656,782156,0,7181
run_017,Foundry_Germany_D,Germany,Foundry,2021-12-12,7509,6422,0.85,natural_disaster (Recovery),30,6525,6454,0,71,4297
run_017,Foundry_Taiwan_A,Taiwan,Foundry,2021-12-19,10250,10376,1.0,none,31,6809,6809,246171,0,5467
run_017,IDM_USA_B,USA,IDM,2021-12-19,11312,11341,1.0,none,24,5552,5552,304225,0,4589
run_017,OSAT_Malaysia_C,Malaysia,OSAT,2021-12-19,16983,16330,1.0,logistics_bottleneck (Recovery),17,7349,7349,791137,0,7181
run_017,Foundry_Germany_D,Germany,Foundry,2021-12-19,7509,7054,0.925,natural_disaster (Recovery),33,11183,7054,0,4129,4297
run_017,Foundry_Taiwan_A,Taiwan,Foundry,2021-12-26,10250,10189,1.0,none,30,5914,5914,250446,0,5467
run_017,IDM_USA_B,USA,IDM,2021-12-26,11312,11423,1.0,none,25,8832,8832,306816,0,4589
run_017,OSAT_Malaysia_C,Malaysia,OSAT,2021-12-26,16983,15984,1.0,none,15,7166,7166,799955,0,7181
run_017,Foundry_Germany_D,Germany,Foundry,2021-12-26,7509,7941,1.0,natural_disaster (Recovery),32,10890,7941,0,2949,4297
run_017,Foundry_Taiwan_A,Taiwan,Foundry,2022-01-02,10250,10040,1.0,none,28,6519,6519,253967,0,5467
run_017,IDM_USA_B,USA,IDM,2022-01-02,11312,11040,1.0,none,23,7035,7035,310821,0,4589
run_017,OSAT_Malaysia_C,Malaysia,OSAT,2022-01-02,16983,17195,1.0,none,18,7342,7342,809808,0,7181
run_017,Foundry_Germany_D,Germany,Foundry,2022-01-02,7509,6912,1.0,none,28,4947,4947,1965,0,4297
run_017,Foundry_Taiwan_A,Taiwan,Foundry,2022-01-09,10250,10676,1.0,none,29,9190,9190,255453,0,5467
run_017,IDM_USA_B,USA,IDM,2022-01-09,11312,11218,1.0,none,21,8331,8331,313708,0,4589
run_017,OSAT_Malaysia_C,Malaysia,OSAT,2022-01-09,16983,17230,1.0,none,17,8826,8826,818212,0,7181
run_017,Foundry_Germany_D,Germany,Foundry,2022-01-09,7509,7728,1.0,none,34,6773,6773,2920,0,4297
run_017,Foundry_Taiwan_A,Taiwan,Foundry,2022-01-16,10250,10511,1.0,none,28,7485,7485,258479,0,5467
run_017,IDM_USA_B,USA,IDM,2022-01-16,11312,11332,1.0,none,24,3888,3888,321152,0,4589
run_017,OSAT_Malaysia_C,Malaysia,OSAT,2022-01-16,16983,11858,0.732,trade_restrictions (Active),31,5056,5056,825014,0,7181
run_017,Foundry_Germany_D,Germany,Foundry,2022-01-16,7509,7073,1.0,none,32,7553,7553,2440,0,4297
run_017,Foundry_Taiwan_A,Taiwan,Foundry,2022-01-23,10250,10560,1.0,none,32,10825,10825,258214,0,5467
run_017,IDM_USA_B,USA,IDM,2022-01-23,11312,11631,1.0,none,24,7613,7613,325170,0,4589
run_017,OSAT_Malaysia_C,Malaysia,OSAT,2022-01-23,16983,12173,0.732,trade_restrictions (Active),33,6032,6032,831155,0,7181
run_017,Foundry_Germany_D,Germany,Foundry,2022-01-23,7509,7246,1.0,none,35,8689,8689,997,0,4297
run_017,Foundry_Taiwan_A,Taiwan,Foundry,2022-01-30,10250,10015,1.0,none,28,6619,6619,261610,0,5467
run_017,IDM_USA_B,USA,IDM,2022-01-30,11312,11791,1.0,none,22,6225,6225,330736,0,4589
run_017,OSAT_Malaysia_C,Malaysia,OSAT,2022-01-30,16983,12262,0.732,trade_restrictions (Active),34,4839,4839,838578,0,7181
run_017,Foundry_Germany_D,Germany,Foundry,2022-01-30,7509,7825,1.0,none,32,10577,8822,0,1755,4297
run_017,Foundry_Taiwan_A,Taiwan,Foundry,2022-02-06,10250,11081,1.0,none,29,8789,8789,263902,0,5467
run_017,IDM_USA_B,USA,IDM,2022-02-06,11312,11654,1.0,none,24,9190,9190,333200,0,4589
run_017,OSAT_Malaysia_C,Malaysia,OSAT,2022-02-06,16983,12756,0.732,trade_restrictions (Active),31,7761,7761,843573,0,7181
run_017,Foundry_Germany_D,Germany,Foundry,2022-02-06,7509,7867,1.0,none,29,7049,7049,818,0,4297
run_017,Foundry_Taiwan_A,Taiwan,Foundry,2022-02-13,10250,1125,0.12,cyber_attack (Active),36,8633,8633,256394,0,5467
run_017,IDM_USA_B,USA,IDM,2022-02-13,11312,11566,1.0,none,22,7368,7368,337398,0,4589
run_017,OSAT_Malaysia_C,Malaysia,OSAT,2022-02-13,16983,12396,0.732,trade_restrictions (Active),34,6100,6100,849869,0,7181
run_017,Foundry_Germany_D,Germany,Foundry,2022-02-13,7509,7166,1.0,none,33,5195,5195,2789,0,4297
run_017,Foundry_Taiwan_A,Taiwan,Foundry,2022-02-20,10250,5377,0.56,cyber_attack (Recovery),32,9413,9413,252358,0,5467
run_017,IDM_USA_B,USA,IDM,2022-02-20,11312,11491,1.0,none,23,7686,7686,341203,0,4589
run_017,OSAT_Malaysia_C,Malaysia,OSAT,2022-02-20,16983,12095,0.732,trade_restrictions (Active),33,12037,12037,849927,0,7181
run_017,Foundry_Germany_D,Germany,Foundry,2022-02-20,7509,7337,1.0,none,32,4802,4802,5324,0,4297
run_017,Foundry_Taiwan_A,Taiwan,Foundry,2022-02-27,10250,10312,1.0,cyber_attack (Recovery),32,5512,5512,257158,0,5467
run_017,IDM_USA_B,USA,IDM,2022-02-27,11312,11486,1.0,none,22,8928,8928,343761,0,4589
run_017,OSAT_Malaysia_C,Malaysia,OSAT,2022-02-27,16983,11529,0.732,trade_restrictions (Active),32,5250,5250,856206,0,7181
run_017,Foundry_Germany_D,Germany,Foundry,2022-02-27,7509,7137,1.0,none,32,9110,9110,3351,0,4297
run_017,Foundry_Taiwan_A,Taiwan,Foundry,2022-03-06,10250,10061,1.0,none,27,6534,6534,260685,0,5467
run_017,IDM_USA_B,USA,IDM,2022-03-06,11312,11320,1.0,none,25,4881,4881,350200,0,4589
run_017,OSAT_Malaysia_C,Malaysia,OSAT,2022-03-06,16983,13583,0.821,trade_restrictions (Recovery),17,4231,4231,865558,0,7181
run_017,Foundry_Germany_D,Germany,Foundry,2022-03-06,7509,7774,1.0,none,31,7272,7272,3853,0,4297
run_017,Foundry_Taiwan_A,Taiwan,Foundry,2022-03-13,10250,9168,0.883,geopolitical_tension (Active),37,8477,8477,261376,0,5467
run_017,IDM_USA_B,USA,IDM,2022-03-13,11312,11146,1.0,none,23,9480,9480,351866,0,4589
run_017,OSAT_Malaysia_C,Malaysia,OSAT,2022-03-13,16983,16608,0.911,trade_restrictions (Recovery),19,9215,9215,872951,0,7181
run_017,Foundry_Germany_D,Germany,Foundry,2022-03-13,7509,7510,1.0,none,33,7325,7325,4038,0,4297
run_017,Foundry_Taiwan_A,Taiwan,Foundry,2022-03-20,10250,9539,0.883,geopolitical_tension (Active),39,5591,5591,265324,0,5467
run_017,IDM_USA_B,USA,IDM,2022-03-20,11312,11550,1.0,none,25,5552,5552,357864,0,4589
run_017,OSAT_Malaysia_C,Malaysia,OSAT,2022-03-20,16983,17756,1.0,trade_restrictions (Recovery),19,5461,5461,885246,0,7181
run_017,Foundry_Germany_D,Germany,Foundry,2022-03-20,7509,7291,1.0,none,29,7011,7011,4318,0,4297
run_017,Foundry_Taiwan_A,Taiwan,Foundry,2022-03-27,10250,8758,0.883,geopolitical_tension (Active),38,8308,8308,265774,0,5467
run_017,IDM_USA_B,USA,IDM,2022-03-27,11312,10755,1.0,none,24,6550,6550,362069,0,4589
run_017,OSAT_Malaysia_C,Malaysia,OSAT,2022-03-27,16983,16964,1.0,none,15,6359,6359,895851,0,7181
run_017,Foundry_Germany_D,Germany,Foundry,2022-03-27,7509,7231,1.0,none,34,6536,6536,5013,0,4297
run_017,Foundry_Taiwan_A,Taiwan,Foundry,2022-04-03,10250,8901,0.883,geopolitical_tension (Active),42,5702,5702,268973,0,5467
run_017,IDM_USA_B,USA,IDM,2022-04-03,11312,11001,1.0,none,22,10735,10735,362335,0,4589
run_017,OSAT_Malaysia_C,Malaysia,OSAT,2022-04-03,16983,16826,1.0,logistics_bottleneck (Active),31,8708,8708,903969,0,7181
run_017,Foundry_Germany_D,Germany,Foundry,2022-04-03,7509,7335,1.0,none,35,8306,8306,4042,0,4297
run_017,Foundry_Taiwan_A,Taiwan,Foundry,2022-04-10,10250,9018,0.883,geopolitical_tension (Active),44,5704,5704,272287,0,5467
run_017,IDM_USA_B,USA,IDM,2022-04-10,11312,11403,1.0,none,21,3879,3879,369859,0,4589
run_017,OSAT_Malaysia_C,Malaysia,OSAT,2022-04-10,16983,9490,0.582,"logistics_bottleneck (Recovery), pandemic_closure (Active)",36,11810,11810,901649,0,7181
run_017,Foundry_Germany_D,Germany,Foundry,2022-04-10,7509,7168,1.0,none,33,10731,10731,479,0,4297
run_017,Foundry_Taiwan_A,Taiwan,Foundry,2022-04-17,10250,8408,0.883,geopolitical_tension (Active),41,5662,5662,275033,0,5467
run_017,IDM_USA_B,USA,IDM,2022-04-17,11312,11115,1.0,none,23,5387,5387,375587,0,4589
run_017,OSAT_Malaysia_C,Malaysia,OSAT,2022-04-17,16983,9598,0.582,pandemic_closure (Active),37,4584,4584,906663,0,7181
run_017,Foundry_Germany_D,Germany,Foundry,2022-04-17,7509,7760,1.0,none,30,7370,7370,869,0,4297
run_017,Foundry_Taiwan_A,Taiwan,Foundry,2022-04-24,10250,8779,0.883,geopolitical_tension (Active),43,8312,8312,275500,0,5467
run_017,IDM_USA_B,USA,IDM,2022-04-24,11312,9654,0.827,geopolitical_tension (Active),30,5726,5726,379515,0,4589
run_017,OSAT_Malaysia_C,Malaysia,OSAT,2022-04-24,16983,9841,0.582,pandemic_closure (Active),39,7171,7171,909333,0,7181
run_017,Foundry_Germany_D,Germany,Foundry,2022-04-24,7509,7259,1.0,none,32,8072,8072,56,0,4297
run_017,Foundry_Taiwan_A,Taiwan,Foundry,2022-05-01,10250,8478,0.883,geopolitical_tension (Active),41,6563,6563,277415,0,5467
run_017,IDM_USA_B,USA,IDM,2022-05-01,11312,9380,0.827,geopolitical_tension (Active),25,7435,7435,381460,0,4589
run_017,OSAT_Malaysia_C,Malaysia,OSAT,2022-05-01,16983,9758,0.582,pandemic_closure (Active),37,7787,7787,911304,0,7181
run_017,Foundry_Germany_D,Germany,Foundry,2022-05-01,7509,7769,1.0,none,32,8436,7825,0,611,4297
run_017,Foundry_Taiwan_A,Taiwan,Foundry,2022-05-08,10250,9492,0.942,geopolitical_tension (Recovery),30,6823,6823,280084,0,5467
run_017,IDM_USA_B,USA,IDM,2022-05-08,11312,9109,0.827,geopolitical_tension (Active),33,4185,4185,386384,0,4589
run_017,OSAT_Malaysia_C,Malaysia,OSAT,2022-05-08,16983,10184,0.582,pandemic_closure (Active),39,9518,9518,911970,0,7181
run_017,Foundry_Germany_D,Germany,Foundry,2022-05-08,7509,7102,1.0,none,33,6812,6812,290,0,4297
run_017,Foundry_Taiwan_A,Taiwan,Foundry,2022-05-15,10250,9901,1.0,geopolitical_tension (Recovery),31,9154,9154,280831,0,5467
run_017,IDM_USA_B,USA,IDM,2022-05-15,11312,10775,0.913,geopolitical_tension (Recovery),27,11825,11825,385334,0,4589
run_017,OSAT_Malaysia_C,Malaysia,OSAT,2022-05-15,16983,7069,0.431,"pandemic_closure (Active), trade_restrictions (Active)",37,8280,8280,910759,0,7181
run_017,Foundry_Germany_D,Germany,Foundry,2022-05-15,7509,7315,1.0,none,33,9752,7605,0,2147,4297
run_017,Foundry_Taiwan_A,Taiwan,Foundry,2022-05-22,10250,10136,1.0,none,32,9608,9608,281359,0,5467
run_017,IDM_USA_B,USA,IDM,2022-05-22,11312,11300,1.0,geopolitical_tension (Recovery),21,7222,7222,389412,0,4589
run_017,OSAT_Malaysia_C,Malaysia,OSAT,2022-05-22,16983,7908,0.431,"pandemic_closure (Active), trade_restrictions (Active)",40,5925,5925,912742,0,7181
run_017,Foundry_Germany_D,Germany,Foundry,2022-05-22,7509,7485,1.0,none,34,8214,7485,0,729,4297
run_017,Foundry_Taiwan_A,Taiwan,Foundry,2022-05-29,10250,10112,1.0,none,30,9530,9530,281941,0,5467
run_017,IDM_USA_B,USA,IDM,2022-05-29,11312,11829,1.0,none,24,6338,6338,394903,0,4589
run_017,OSAT_Malaysia_C,Malaysia,OSAT,2022-05-29,16983,7310,0.431,"pandemic_closure (Active), trade_restrictions (Active)",39,9831,9831,910221,0,7181
run_017,Foundry_Germany_D,Germany,Foundry,2022-05-29,7509,7447,1.0,none,34,11285,7447,0,3838,4297
run_017,Foundry_Taiwan_A,Taiwan,Foundry,2022-06-05,10250,9408,1.0,none,26,8365,8365,282984,0,5467
run_017,IDM_USA_B,USA,IDM,2022-06-05,11312,10757,1.0,none,22,6324,6324,399336,0,4589
run_017,OSAT_Malaysia_C,Malaysia,OSAT,2022-06-05,16983,7480,0.431,"pandemic_closure (Active), trade_restrictions (Active)",35,8486,8486,909215,0,7181
run_017,Foundry_Germany_D,Germany,Foundry,2022-06-05,7509,7486,1.0,none,29,8857,7486,0,1371,4297
run_017,Foundry_Taiwan_A,Taiwan,Foundry,2022-06-12,10250,10595,1.0,none,32,7231,7231,286348,0,5467
run_017,IDM_USA_B,USA,IDM,2022-06-12,11312,10620,1.0,none,24,10383,10383,399573,0,4589
run_017,OSAT_Malaysia_C,Malaysia,OSAT,2022-06-12,16983,7152,0.431,"pandemic_closure (Active), trade_restrictions (Active)",38,7280,7280,909087,0,7181
run_017,Foundry_Germany_D,Germany,Foundry,2022-06-12,7509,6434,0.863,geopolitical_tension (Active),47,5814,5814,620,0,4297
run_017,Foundry_Taiwan_A,Taiwan,Foundry,2022-06-19,10250,9880,1.0,none,29,5857,5857,290371,0,5467
run_017,IDM_USA_B,USA,IDM,2022-06-19,11312,11197,1.0,none,26,5418,5418,405352,0,4589
run_017,OSAT_Malaysia_C,Malaysia,OSAT,2022-06-19,16983,8029,0.431,"pandemic_closure (Active), trade_restrictions (Active)",40,4791,4791,912325,0,7181
run_017,Foundry_Germany_D,Germany,Foundry,2022-06-19,7509,6282,0.863,geopolitical_tension (Active),46,7880,6902,0,978,4297
run_017,Foundry_Taiwan_A,Taiwan,Foundry,2022-06-26,10250,10879,1.0,none,31,6269,6269,294981,0,5467
run_017,IDM_USA_B,USA,IDM,2022-06-26,11312,11108,1.0,none,22,6560,6560,409900,0,4589
run_017,OSAT_Malaysia_C,Malaysia,OSAT,2022-06-26,16983,7105,0.431,"logistics_bottleneck (Active), pandemic_closure (Active), trade_restrictions (Active)",45,8837,8837,910593,0,7181
run_017,Foundry_Germany_D,Germany,Foundry,2022-06-26,7509,6590,0.863,geopolitical_tension (Active),42,6254,6254,336,0,4297
run_017,Foundry_Taiwan_A,Taiwan,Foundry,2022-07-03,10250,10574,1.0,none,30,10776,10776,294779,0,5467
run_017,IDM_USA_B,USA,IDM,2022-07-03,11312,11819,1.0,none,26,6553,6553,415166,0,4589
run_017,OSAT_Malaysia_C,Malaysia,OSAT,2022-07-03,16983,9298,0.508,"logistics_bottleneck (Active), pandemic_closure (Recovery), trade_restrictions (Active)",44,6964,6964,912927,0,7181
run_017,Foundry_Germany_D,Germany,Foundry,2022-07-03,7509,6073,0.863,geopolitical_tension (Active),48,4868,4868,1541,0,4297
run_017,Foundry_Taiwan_A,Taiwan,Foundry,2022-07-10,10250,9607,1.0,none,31,5633,5633,298753,0,5467
run_017,IDM_USA_B,USA,IDM,2022-07-10,11312,11143,1.0,none,25,7187,7187,419122,0,4589
run_017,OSAT_Malaysia_C,Malaysia,OSAT,2022-07-10,16983,9661,0.585,"logistics_bottleneck (Active), pandemic_closure (Recovery), trade_restrictions (Active)",42,8428,8428,914160,0,7181
run_017,Foundry_Germany_D,Germany,Foundry,2022-07-10,7509,6284,0.863,geopolitical_tension (Active),44,9640,7825,0,1815,4297
run_017,Foundry_Taiwan_A,Taiwan,Foundry,2022-07-17,10250,10441,1.0,none,28,7917,7917,301277,0,5467
run_017,IDM_USA_B,USA,IDM,2022-07-17,11312,11418,1.0,none,21,7145,7145,423395,0,4589
run_017,OSAT_Malaysia_C,Malaysia,OSAT,2022-07-17,16983,12650,0.74,"logistics_bottleneck (Active), pandemic_closure (Recovery), trade_restrictions (Recovery)",44,8627,8627,918183,0,7181
run_017,Foundry_Germany_D,Germany,Foundry,2022-07-17,7509,6733,0.863,geopolitical_tension (Active),45,4450,4450,2283,0,4297
run_017,Foundry_Taiwan_A,Taiwan,Foundry,2022-07-24,10250,10809,1.0,none,32,7252,7252,304834,0,5467
run_017,IDM_USA_B,USA,IDM,2022-07-24,11312,9434,0.873,geopolitical_tension (Active),40,11394,11394,421435,0,4589
run_017,OSAT_Malaysia_C,Malaysia,OSAT,2022-07-24,16983,15065,0.913,"logistics_bottleneck (Recovery), pandemic_closure (Recovery), trade_restrictions (Recovery)",18,8571,8571,924677,0,7181
run_017,Foundry_Germany_D,Germany,Foundry,2022-07-24,7509,6805,0.931,geopolitical_tension (Recovery),34,5575,5575,3513,0,4297
run_017,Foundry_Taiwan_A,Taiwan,Foundry,2022-07-31,10250,10371,1.0,none,26,4639,4639,310566,0,5467
run_017,IDM_USA_B,USA,IDM,2022-07-31,11312,10087,0.873,geopolitical_tension (Active),41,7613,7613,423909,0,4589
run_017,OSAT_Malaysia_C,Malaysia,OSAT,2022-07-31,16983,17048,1.0,trade_restrictions (Recovery),16,7821,7821,933904,0,7181
run_017,Foundry_Germany_D,Germany,Foundry,2022-07-31,7509,5832,0.806,"geopolitical_tension (Active), geopolitical_tension (Recovery)",44,6399,6399,2946,0,4297
run_017,Foundry_Taiwan_A,Taiwan,Foundry,2022-08-07,10250,10179,1.0,none,27,3906,3906,316839,0,5467
run_017,IDM_USA_B,USA,IDM,2022-08-07,11312,9456,0.873,geopolitical_tension (Active),41,7348,7348,426017,0,4589
run_017,OSAT_Malaysia_C,Malaysia,OSAT,2022-08-07,16983,16549,1.0,none,16,8756,8756,941697,0,7181
run_017,Foundry_Germany_D,Germany,Foundry,2022-08-07,7509,5555,0.806,geopolitical_tension (Active),43,5834,5834,2667,0,4297
run_017,Foundry_Taiwan_A,Taiwan,Foundry,2022-08-14,10250,10331,1.0,none,30,9295,9295,317875,0,5467
run_017,IDM_USA_B,USA,IDM,2022-08-14,11312,9489,0.873,geopolitical_tension (Active),40,9450,9450,426056,0,4589
run_017,OSAT_Malaysia_C,Malaysia,OSAT,2022-08-14,16983,16186,1.0,none,19,7900,7900,949983,0,7181
run_017,Foundry_Germany_D,Germany,Foundry,2022-08-14,7509,5872,0.806,geopolitical_tension (Active),45,7243,7243,1296,0,4297
run_017,Foundry_Taiwan_A,Taiwan,Foundry,2022-08-21,10250,10371,1.0,none,28,10922,10922,317324,0,5467
run_017,IDM_USA_B,USA,IDM,2022-08-21,11312,9555,0.873,geopolitical_tension (Active),41,8910,8910,426701,0,4589
run_017,OSAT_Malaysia_C,Malaysia,OSAT,2022-08-21,16983,16337,1.0,none,20,5430,5430,960890,0,7181
run_017,Foundry_Germany_D,Germany,Foundry,2022-08-21,7509,6521,0.903,geopolitical_tension (Recovery),31,5475,5475,2342,0,4297
run_017,Foundry_Taiwan_A,Taiwan,Foundry,2022-08-28,10250,9250,1.0,none,30,6807,6807,319767,0,5467
run_017,IDM_USA_B,USA,IDM,2022-08-28,11312,9938,0.873,geopolitical_tension (Active),39,11408,11408,425231,0,4589
run_017,OSAT_Malaysia_C,Malaysia,OSAT,2022-08-28,16983,17061,1.0,none,19,10570,10570,967381,0,7181
run_017,Foundry_Germany_D,Germany,Foundry,2022-08-28,7509,7710,1.0,geopolitical_tension (Recovery),33,6380,6380,3672,0,4297
run_017,Foundry_Taiwan_A,Taiwan,Foundry,2022-09-04,10250,10460,1.0,none,29,6813,6813,323414,0,5467
run_017,IDM_USA_B,USA,IDM,2022-09-04,11312,10017,0.873,geopolitical_tension (Active),41,5003,5003,430245,0,4589
run_017,OSAT_Malaysia_C,Malaysia,OSAT,2022-09-04,16983,16789,1.0,none,18,6020,6020,978150,0,7181
run_017,Foundry_Germany_D,Germany,Foundry,2022-09-04,7509,791,0.109,cyber_attack (Active),44,6700,4463,0,2237,4297
run_017,Foundry_Taiwan_A,Taiwan,Foundry,2022-09-11,10250,10134,1.0,none,30,6650,6650,326898,0,5467
run_017,IDM_USA_B,USA,IDM,2022-09-11,11312,10713,0.936,geopolitical_tension (Recovery),23,5856,5856,435102,0,4589
run_017,OSAT_Malaysia_C,Malaysia,OSAT,2022-09-11,16983,17380,1.0,none,16,4304,4304,991226,0,7181
run_017,Foundry_Germany_D,Germany,Foundry,2022-09-11,7509,778,0.109,cyber_attack (Active),47,6173,778,0,5395,4297
run_017,Foundry_Taiwan_A,Taiwan,Foundry,2022-09-18,10250,10130,1.0,none,30,8620,8620,328408,0,5467
run_017,IDM_USA_B,USA,IDM,2022-09-18,11312,11153,1.0,geopolitical_tension (Recovery),23,7359,7359,438896,0,4589
run_017,OSAT_Malaysia_C,Malaysia,OSAT,2022-09-18,16983,11604,0.689,"logistics_bottleneck (Active), trade_restrictions (Active)",32,6984,6984,995846,0,7181
run_017,Foundry_Germany_D,Germany,Foundry,2022-09-18,7509,836,0.109,cyber_attack (Active),50,6990,836,0,6154,4297
run_017,Foundry_Taiwan_A,Taiwan,Foundry,2022-09-25,10250,10708,1.0,none,27,11756,11756,327360,0,5467
run_017,IDM_USA_B,USA,IDM,2022-09-25,11312,11695,1.0,none,22,7414,7414,443177,0,4589
run_017,OSAT_Malaysia_C,Malaysia,OSAT,2022-09-25,16983,9875,0.582,"logistics_bottleneck (Active), trade_restrictions (Active)",36,7541,7541,998180,0,7181
run_017,Foundry_Germany_D,Germany,Foundry,2022-09-25,7509,4119,0.554,cyber_attack (Recovery),35,4200,4119,0,81,4297
run_017,Foundry_Taiwan_A,Taiwan,Foundry,2022-10-02,10250,9560,1.0,none,31,8285,8285,328635,0,5467
run_017,IDM_USA_B,USA,IDM,2022-10-02,11312,11169,1.0,none,23,9936,9936,444410,0,4589
run_017,OSAT_Malaysia_C,Malaysia,OSAT,2022-10-02,16983,10069,0.582,"logistics_bottleneck (Recovery), trade_restrictions (Active)",31,7731,7731,1000518,0,7181
run_017,Foundry_Germany_D,Germany,Foundry,2022-10-02,7509,7317,1.0,cyber_attack (Recovery),32,5878,5878,1439,0,4297
run_017,Foundry_Taiwan_A,Taiwan,Foundry,2022-10-09,10250,10254,1.0,none,30,8610,8610,330279,0,5467
run_017,IDM_USA_B,USA,IDM,2022-10-09,11312,11719,1.0,none,24,9054,9054,447075,0,4589
run_017,OSAT_Malaysia_C,Malaysia,OSAT,2022-10-09,16983,10124,0.582,trade_restrictions (Active),35,8542,8542,1002100,0,7181
run_017,Foundry_Germany_D,Germany,Foundry,2022-10-09,7509,7313,1.0,none,35,8396,8396,356,0,4297
run_017,Foundry_Taiwan_A,Taiwan,Foundry,2022-10-16,10250,11270,1.0,logistics_bottleneck (Active),64,8383,8383,333166,0,5467
run_017,IDM_USA_B,USA,IDM,2022-10-16,11312,10797,1.0,none,25,7582,7582,450290,0,4589
run_017,OSAT_Malaysia_C,Malaysia,OSAT,2022-10-16,16983,10059,0.618,"trade_restrictions (Active), trade_restrictions (Recovery)",23,9350,9350,1002809,0,7181
run_017,Foundry_Germany_D,Germany,Foundry,2022-10-16,7509,6405,0.811,geopolitical_tension (Active),59,7169,6761,0,408,4297
run_017,Foundry_Taiwan_A,Taiwan,Foundry,2022-10-23,10250,10671,1.0,logistics_bottleneck (Recovery),30,5656,5656,338181,0,5467
run_017,IDM_USA_B,USA,IDM,2022-10-23,11312,11585,1.0,none,24,7122,7122,454753,0,4589
run_017,OSAT_Malaysia_C,Malaysia,OSAT,2022-10-23,16983,10080,0.653,"trade_restrictions (Active), trade_restrictions (Recovery)",28,8795,8795,1004094,0,7181
run_017,Foundry_Germany_D,Germany,Foundry,2022-10-23,7509,5995,0.811,geopolitical_tension (Active),61,5577,5577,418,0,4297
run_017,Foundry_Taiwan_A,Taiwan,Foundry,2022-10-30,10250,11281,1.0,none,29,5777,5777,343685,0,5467
run_017,IDM_USA_B,USA,IDM,2022-10-30,11312,10556,1.0,none,27,7918,7918,457391,0,4589
run_017,OSAT_Malaysia_C,Malaysia,OSAT,2022-10-30,16983,4240,0.271,"natural_disaster (Active), trade_restrictions (Active), trade_restrictions (Recovery)",48,6833,6833,1001501,0,7181
run_017,Foundry_Germany_D,Germany,Foundry,2022-10-30,7509,6974,0.905,geopolitical_tension (Recovery),32,6696,6696,696,0,4297
run_017,Foundry_Taiwan_A,Taiwan,Foundry,2022-11-06,10250,5543,0.583,natural_disaster (Active),90,5913,5913,343315,0,5467
run_017,IDM_USA_B,USA,IDM,2022-11-06,11312,11083,1.0,none,26,6308,6308,462166,0,4589
run_017,OSAT_Malaysia_C,Malaysia,OSAT,2022-11-06,16983,4947,0.312,"natural_disaster (Active), trade_restrictions (Recovery)",55,6924,6924,999524,0,7181
run_017,Foundry_Germany_D,Germany,Foundry,2022-11-06,7509,7268,1.0,geopolitical_tension (Recovery),31,8442,7964,0,478,4297
run_017,Foundry_Taiwan_A,Taiwan,Foundry,2022-11-13,10250,6913,0.666,natural_disaster (Recovery),31,7838,7838,342390,0,5467
run_017,IDM_USA_B,USA,IDM,2022-11-13,11312,11490,1.0,none,26,7605,7605,466051,0,4589
run_017,OSAT_Malaysia_C,Malaysia,OSAT,2022-11-13,16983,6408,0.352,"natural_disaster (Active), trade_restrictions (Recovery)",52,8986,8986,996946,0,7181
run_017,Foundry_Germany_D,Germany,Foundry,2022-11-13,7509,7160,1.0,none,28,8775,7160,0,1615,4297
run_017,Foundry_Taiwan_A,Taiwan,Foundry,2022-11-20,10250,6982,0.628,"geopolitical_tension (Active), natural_disaster (Recovery)",52,5355,5355,344017,0,5467
run_017,IDM_USA_B,USA,IDM,2022-11-20,11312,11627,1.0,none,23,12207,12207,465471,0,4589
run_017,OSAT_Malaysia_C,Malaysia,OSAT,2022-11-20,16983,9131,0.514,"logistics_bottleneck (Active), natural_disaster (Recovery), trade_restrictions (Recovery)",35,5560,5560,1000517,0,7181
run_017,Foundry_Germany_D,Germany,Foundry,2022-11-20,7509,7599,1.0,none,32,7270,7270,329,0,4297
run_017,Foundry_Taiwan_A,Taiwan,Foundry,2022-11-27,10250,7092,0.697,"geopolitical_tension (Active), logistics_bottleneck (Active), natural_disaster (Recovery)",60,9179,9179,341930,0,5467
run_017,IDM_USA_B,USA,IDM,2022-11-27,11312,9908,0.9,geopolitical_tension (Active),27,10518,10518,464861,0,4589
run_017,OSAT_Malaysia_C,Malaysia,OSAT,2022-11-27,16983,10696,0.636,"logistics_bottleneck (Active), natural_disaster (Recovery)",33,6452,6452,1004761,0,7181
run_017,Foundry_Germany_D,Germany,Foundry,2022-11-27,7509,6983,1.0,none,35,9408,7312,0,2096,4297
run_017,Foundry_Taiwan_A,Taiwan,Foundry,2022-12-04,10250,8382,0.767,"geopolitical_tension (Active), logistics_bottleneck (Active), natural_disaster (Recovery)",62,10253,10253,340059,0,5467
run_017,IDM_USA_B,USA,IDM,2022-12-04,11312,10669,0.9,geopolitical_tension (Active),32,9329,9329,466201,0,4589
run_017,OSAT_Malaysia_C,Malaysia,OSAT,2022-12-04,16983,12846,0.757,"logistics_bottleneck (Recovery), natural_disaster (Recovery)",16,6752,6752,1010855,0,7181
run_017,Foundry_Germany_D,Germany,Foundry,2022-12-04,7509,7745,1.0,none,32,7906,7745,0,161,4297
run_017,Foundry_Taiwan_A,Taiwan,Foundry,2022-12-11,10250,9600,0.837,"geopolitical_tension (Active), logistics_bottleneck (Recovery), natural_disaster (Recovery)",50,5599,5599,344060,0,5467
run_017,IDM_USA_B,USA,IDM,2022-12-11,11312,9869,0.9,geopolitical_tension (Active),28,6817,6817,469253,0,4589
run_017,OSAT_Malaysia_C,Malaysia,OSAT,2022-12-11,16983,15840,0.879,natural_disaster (Recovery),18,8943,8943,1017752,0,7181
run_017,Foundry_Germany_D,Germany,Foundry,2022-12-11,7509,7804,1.0,none,30,6288,6288,1516,0,4297
run_017,Foundry_Taiwan_A,Taiwan,Foundry,2022-12-18,10250,7889,0.837,geopolitical_tension (Active),50,7468,7468,344481,0,5467
run_017,IDM_USA_B,USA,IDM,2022-12-18,11312,10981,0.95,geopolitical_tension (Recovery),25,7397,7397,472837,0,4589
run_017,OSAT_Malaysia_C,Malaysia,OSAT,2022-12-18,16983,16491,1.0,natural_disaster (Recovery),19,3546,3546,1030697,0,7181
run_017,Foundry_Germany_D,Germany,Foundry,2022-12-18,7509,7288,1.0,none,31,5844,5844,2960,0,4297
run_017,Foundry_Taiwan_A,Taiwan,Foundry,2022-12-25,10250,9216,0.837,geopolitical_tension (Active),51,4112,4112,349585,0,5467
run_017,IDM_USA_B,USA,IDM,2022-12-25,11312,11801,1.0,geopolitical_tension (Recovery),22,8290,8290,476348,0,4589
run_017,OSAT_Malaysia_C,Malaysia,OSAT,2022-12-25,16983,16872,1.0,none,12,7081,7081,1040488,0,7181
run_017,Foundry_Germany_D,Germany,Foundry,2022-12-25,7509,6912,1.0,none,32,9523,9523,349,0,4297
run_017,Foundry_Taiwan_A,Taiwan,Foundry,2023-01-01,10250,8444,0.837,geopolitical_tension (Active),48,7322,7322,350707,0,5467
run_017,IDM_USA_B,USA,IDM,2023-01-01,11312,11591,1.0,none,28,6205,6205,481734,0,4589
run_017,OSAT_Malaysia_C,Malaysia,OSAT,2023-01-01,16983,17551,1.0,none,17,7662,7662,1050377,0,7181
run_017,Foundry_Germany_D,Germany,Foundry,2023-01-01,7509,7654,1.0,none,32,5715,5715,2288,0,4297
run_017,Foundry_Taiwan_A,Taiwan,Foundry,2023-01-08,10250,9001,0.837,geopolitical_tension (Active),51,7817,7817,351891,0,5467
run_017,IDM_USA_B,USA,IDM,2023-01-08,11312,11259,1.0,none,23,5935,5935,487058,0,4589
run_017,OSAT_Malaysia_C,Malaysia,OSAT,2023-01-08,16983,16875,1.0,none,21,5486,5486,1061766,0,7181
run_017,Foundry_Germany_D,Germany,Foundry,2023-01-08,7509,7768,1.0,none,33,10739,10056,0,683,4297
run_017,Foundry_Taiwan_A,Taiwan,Foundry,2023-01-15,10250,8187,0.918,geopolitical_tension (Recovery),32,5530,5530,354548,0,5467
run_017,IDM_USA_B,USA,IDM,2023-01-15,11312,4733,0.443,pandemic_closure (Active),65,8552,8552,483239,0,4589
run_017,OSAT_Malaysia_C,Malaysia,OSAT,2023-01-15,16983,16726,1.0,none,21,11206,11206,1067286,0,7181
run_017,Foundry_Germany_D,Germany,Foundry,2023-01-15,7509,7423,1.0,none,29,8958,7423,0,1535,4297
run_017,Foundry_Taiwan_A,Taiwan,Foundry,2023-01-22,10250,9705,1.0,geopolitical_tension (Recovery),32,4905,4905,359348,0,5467
run_017,IDM_USA_B,USA,IDM,2023-01-22,11312,4982,0.443,pandemic_closure (Active),67,8787,8787,479434,0,4589
run_017,OSAT_Malaysia_C,Malaysia,OSAT,2023-01-22,16983,16728,1.0,logistics_bottleneck (Active),37,6234,6234,1077780,0,7181
run_017,Foundry_Germany_D,Germany,Foundry,2023-01-22,7509,7872,1.0,none,35,6607,6607,1265,0,4297
run_017,Foundry_Taiwan_A,Taiwan,Foundry,2023-01-29,10250,9838,1.0,none,33,5219,5219,363967,0,5467
run_017,IDM_USA_B,USA,IDM,2023-01-29,11312,4943,0.443,pandemic_closure (Active),67,5447,5447,478930,0,4589
run_017,OSAT_Malaysia_C,Malaysia,OSAT,2023-01-29,16983,17707,1.0,logistics_bottleneck (Active),37,6406,6406,1089081,0,7181
run_017,Foundry_Germany_D,Germany,Foundry,2023-01-29,7509,7262,1.0,none,32,9574,8527,0,1047,4297
run_017,Foundry_Taiwan_A,Taiwan,Foundry,2023-02-05,10250,10461,1.0,none,28,5385,5385,369043,0,5467
run_017,IDM_USA_B,USA,IDM,2023-02-05,11312,4832,0.443,pandemic_closure (Active),66,10705,10705,473057,0,4589
run_017,OSAT_Malaysia_C,Malaysia,OSAT,2023-02-05,16983,16728,1.0,logistics_bottleneck (Active),38,7202,7202,1098607,0,7181
run_017,Foundry_Germany_D,Germany,Foundry,2023-02-05,7509,7658,1.0,none,32,10344,7658,0,2686,4297
run_017,Foundry_Taiwan_A,Taiwan,Foundry,2023-02-12,10250,10044,1.0,none,32,8764,8764,370323,0,5467
run_017,IDM_USA_B,USA,IDM,2023-02-12,11312,4868,0.443,pandemic_closure (Active),64,12815,12815,465110,0,4589
run_017,OSAT_Malaysia_C,Malaysia,OSAT,2023-02-12,16983,10346,0.651,"logistics_bottleneck (Recovery), trade_restrictions (Active)",30,11017,11017,1097936,0,7181
run_017,Foundry_Germany_D,Germany,Foundry,2023-02-12,7509,8052,1.0,none,32,7495,7495,557,0,4297
run_017,Foundry_Taiwan_A,Taiwan,Foundry,2023-02-19,10250,9677,1.0,none,32,11048,11048,368952,0,5467
run_017,IDM_USA_B,USA,IDM,2023-02-19,11312,6976,0.582,pandemic_closure (Recovery),23,4758,4758,467328,0,4589
run_017,OSAT_Malaysia_C,Malaysia,OSAT,2023-02-19,16983,10763,0.651,trade_restrictions (Active),24,7286,7286,1101413,0,7181
run_017,Foundry_Germany_D,Germany,Foundry,2023-02-19,7509,8110,1.0,none,31,7407,7407,1260,0,4297
run_017,Foundry_Taiwan_A,Taiwan,Foundry,2023-02-26,10250,10149,1.0,none,30,4344,4344,374757,0,5467
run_017,IDM_USA_B,USA,IDM,2023-02-26,11312,8304,0.722,pandemic_closure (Recovery),24,5116,5116,470516,0,4589
run_017,OSAT_Malaysia_C,Malaysia,OSAT,2023-02-26,16983,10318,0.651,trade_restrictions (Active),27,8062,8062,1103669,0,7181
run_017,Foundry_Germany_D,Germany,Foundry,2023-02-26,7509,6971,1.0,none,31,7313,7313,918,0,4297
run_017,Foundry_Taiwan_A,Taiwan,Foundry,2023-03-05,10250,9876,1.0,none,28,3862,3862,380771,0,5467
run_017,IDM_USA_B,USA,IDM,2023-03-05,11312,9212,0.861,pandemic_closure (Recovery),22,10561,10561,469167,0,4589
run_017,OSAT_Malaysia_C,Malaysia,OSAT,2023-03-05,16983,10904,0.651,trade_restrictions (Active),24,6059,6059,1108514,0,7181
run_017,Foundry_Germany_D,Germany,Foundry,2023-03-05,7509,7512,1.0,none,31,9913,8430,0,1483,4297
run_017,Foundry_Taiwan_A,Taiwan,Foundry,2023-03-12,10250,7263,0.714,geopolitical_tension (Active),41,9278,9278,378756,0,5467
run_017,IDM_USA_B,USA,IDM,2023-03-12,11312,11236,1.0,pandemic_closure (Recovery),26,10429,10429,469974,0,4589
run_017,OSAT_Malaysia_C,Malaysia,OSAT,2023-03-12,16983,10761,0.651,trade_restrictions (Active),27,9733,9733,1109542,0,7181
run_017,Foundry_Germany_D,Germany,Foundry,2023-03-12,7509,7352,1.0,none,33,7630,7352,0,278,4297
run_017,Foundry_Taiwan_A,Taiwan,Foundry,2023-03-19,10250,7116,0.714,geopolitical_tension (Active),40,7689,7689,378183,0,5467
run_017,IDM_USA_B,USA,IDM,2023-03-19,11312,11440,1.0,none,21,7593,7593,473821,0,4589
run_017,OSAT_Malaysia_C,Malaysia,OSAT,2023-03-19,16983,10795,0.651,trade_restrictions (Active),29,5757,5757,1114580,0,7181
run_017,Foundry_Germany_D,Germany,Foundry,2023-03-19,7509,7745,1.0,none,32,9421,7745,0,1676,4297
run_017,Foundry_Taiwan_A,Taiwan,Foundry,2023-03-26,10250,6586,0.714,geopolitical_tension (Active),43,9607,9607,375162,0,5467
run_017,IDM_USA_B,USA,IDM,2023-03-26,11312,9181,0.82,geopolitical_tension (Active),42,6306,6306,476696,0,4589
run_017,OSAT_Malaysia_C,Malaysia,OSAT,2023-03-26,16983,11139,0.651,trade_restrictions (Active),25,7325,7325,1118394,0,7181
run_017,Foundry_Germany_D,Germany,Foundry,2023-03-26,7509,7028,1.0,none,31,5325,5325,1703,0,4297
run_017,Foundry_Taiwan_A,Taiwan,Foundry,2023-04-02,10250,8941,0.857,"geopolitical_tension (Recovery), logistics_bottleneck (Active)",51,8641,8641,375462,0,5467
run_017,IDM_USA_B,USA,IDM,2023-04-02,11312,9176,0.82,geopolitical_tension (Active),34,4984,4984,480888,0,4589
run_017,OSAT_Malaysia_C,Malaysia,OSAT,2023-04-02,16983,10904,0.651,trade_restrictions (Active),26,4549,4549,1124749,0,7181
run_017,Foundry_Germany_D,Germany,Foundry,2023-04-02,7509,7184,1.0,none,31,7797,7797,1090,0,4297
run_017,Foundry_Taiwan_A,Taiwan,Foundry,2023-04-09,10250,9908,1.0,"geopolitical_tension (Recovery), logistics_bottleneck (Active)",48,7723,7723,377647,0,5467
run_017,IDM_USA_B,USA,IDM,2023-04-09,11312,9926,0.91,geopolitical_tension (Recovery),20,4646,4646,486168,0,4589
run_017,OSAT_Malaysia_C,Malaysia,OSAT,2023-04-09,16983,10986,0.651,trade_restrictions (Active),27,9696,9696,1126039,0,7181
run_017,Foundry_Germany_D,Germany,Foundry,2023-04-09,7509,7381,1.0,none,36,6504,6504,1967,0,4297
run_017,Foundry_Taiwan_A,Taiwan,Foundry,2023-04-16,10250,10581,1.0,logistics_bottleneck (Active),53,6271,6271,381957,0,5467
run_017,IDM_USA_B,USA,IDM,2023-04-16,11312,10869,1.0,geopolitical_tension (Recovery),23,7536,7536,489501,0,4589
run_017,OSAT_Malaysia_C,Malaysia,OSAT,2023-04-16,16983,11722,0.651,trade_restrictions (Active),28,7972,7972,1129789,0,7181
run_017,Foundry_Germany_D,Germany,Foundry,2023-04-16,7509,7271,1.0,none,33,7064,7064,2174,0,4297
run_017,Foundry_Taiwan_A,Taiwan,Foundry,2023-04-23,10250,10112,1.0,logistics_bottleneck (Active),54,9229,9229,382840,0,5467
run_017,IDM_USA_B,USA,IDM,2023-04-23,11312,11667,1.0,none,26,6986,6986,494182,0,4589
run_017,OSAT_Malaysia_C,Malaysia,OSAT,2023-04-23,16983,6221,0.368,"cyber_attack (Active), trade_restrictions (Recovery)",25,6788,6788,1129222,0,7181
run_017,Foundry_Germany_D,Germany,Foundry,2023-04-23,7509,7311,1.0,none,32,5847,5847,3638,0,4297
run_017,Foundry_Taiwan_A,Taiwan,Foundry,2023-04-30,10250,10340,1.0,logistics_bottleneck (Recovery),31,9342,9342,383838,0,5467
run_017,IDM_USA_B,USA,IDM,2023-04-30,11312,10856,1.0,none,25,8446,8446,496592,0,4589
run_017,OSAT_Malaysia_C,Malaysia,OSAT,2023-04-30,16983,6975,0.424,"cyber_attack (Active), trade_restrictions (Recovery)",28,9485,9485,1126712,0,7181
run_017,Foundry_Germany_D,Germany,Foundry,2023-04-30,7509,7129,1.0,none,34,10468,10468,299,0,4297
run_017,Foundry_Taiwan_A,Taiwan,Foundry,2023-05-07,10250,9830,1.0,logistics_bottleneck (Active),59,6258,6258,387410,0,5467
run_017,IDM_USA_B,USA,IDM,2023-05-07,11312,11590,1.0,none,22,7047,7047,501135,0,4589
run_017,OSAT_Malaysia_C,Malaysia,OSAT,2023-05-07,16983,8227,0.48,"cyber_attack (Active), trade_restrictions (Recovery)",18,7312,7312,1127627,0,7181
run_017,Foundry_Germany_D,Germany,Foundry,2023-05-07,7509,7824,1.0,none,32,6340,6340,1783,0,4297
run_017,Foundry_Taiwan_A,Taiwan,Foundry,2023-05-14,10250,10241,1.0,logistics_bottleneck (Recovery),27,6178,6178,391473,0,5467
run_017,IDM_USA_B,USA,IDM,2023-05-14,11312,11681,1.0,none,22,7584,7584,505232,0,4589
run_017,OSAT_Malaysia_C,Malaysia,OSAT,2023-05-14,16983,12066,0.74,cyber_attack (Recovery),15,9476,9476,1130217,0,7181
run_017,Foundry_Germany_D,Germany,Foundry,2023-05-14,7509,7951,1.0,none,29,6411,6411,3323,0,4297
run_017,Foundry_Taiwan_A,Taiwan,Foundry,2023-05-21,10250,10138,1.0,none,29,6605,6605,395006,0,5467
run_017,IDM_USA_B,USA,IDM,2023-05-21,11312,11369,1.0,none,23,7600,7600,509001,0,4589
run_017,OSAT_Malaysia_C,Malaysia,OSAT,2023-05-21,16983,16633,1.0,cyber_attack (Recovery),15,5788,5788,1141062,0,7181
run_017,Foundry_Germany_D,Germany,Foundry,2023-05-21,7509,7683,1.0,none,31,7362,7362,3644,0,4297
run_017,Foundry_Taiwan_A,Taiwan,Foundry,2023-05-28,10250,9929,1.0,none,29,3783,3783,401152,0,5467
run_017,IDM_USA_B,USA,IDM,2023-05-28,11312,11310,1.0,none,24,5668,5668,514643,0,4589
run_017,OSAT_Malaysia_C,Malaysia,OSAT,2023-05-28,16983,16400,1.0,none,20,11572,11572,1145890,0,7181
run_017,Foundry_Germany_D,Germany,Foundry,2023-05-28,7509,7933,1.0,none,34,3532,3532,8045,0,4297
run_017,Foundry_Taiwan_A,Taiwan,Foundry,2023-06-04,10250,10924,1.0,none,28,4896,4896,407180,0,5467
run_017,IDM_USA_B,USA,IDM,2023-06-04,11312,11506,1.0,none,24,7162,7162,518987,0,4589
run_017,OSAT_Malaysia_C,Malaysia,OSAT,2023-06-04,16983,11412,0.647,trade_restrictions (Active),26,6122,6122,1151180,0,7181
run_017,Foundry_Germany_D,Germany,Foundry,2023-06-04,7509,7550,1.0,none,30,7982,7982,7613,0,4297
run_017,Foundry_Taiwan_A,Taiwan,Foundry,2023-06-11,10250,9909,1.0,none,31,7221,7221,409868,0,5467
run_017,IDM_USA_B,USA,IDM,2023-06-11,11312,11580,1.0,none,26,7753,7753,522814,0,4589
run_017,OSAT_Malaysia_C,Malaysia,OSAT,2023-06-11,16983,10252,0.647,trade_restrictions (Active),28,9517,9517,1151915,0,7181
run_017,Foundry_Germany_D,Germany,Foundry,2023-06-11,7509,7192,0.898,geopolitical_tension (Active),45,10921,10921,3884,0,4297
run_017,Foundry_Taiwan_A,Taiwan,Foundry,2023-06-18,10250,9249,1.0,none,32,7843,7843,411274,0,5467
run_017,IDM_USA_B,USA,IDM,2023-06-18,11312,9036,0.802,trade_restrictions (Active),42,8185,8185,523665,0,4589
run_017,OSAT_Malaysia_C,Malaysia,OSAT,2023-06-18,16983,10737,0.647,trade_restrictions (Active),23,7903,7903,1154749,0,7181
run_017,Foundry_Germany_D,Germany,Foundry,2023-06-18,7509,6902,0.898,geopolitical_tension (Active),45,7719,7719,3067,0,4297
run_017,Foundry_Taiwan_A,Taiwan,Foundry,2023-06-25,10250,4207,0.405,"pandemic_closure (Active), trade_restrictions (Active)",50,6159,6159,409322,0,5467
run_017,IDM_USA_B,USA,IDM,2023-06-25,11312,9126,0.802,"logistics_bottleneck (Active), trade_restrictions (Active)",48,6752,6752,526039,0,4589
run_017,OSAT_Malaysia_C,Malaysia,OSAT,2023-06-25,16983,11802,0.647,trade_restrictions (Active),25,9890,9890,1156661,0,7181
run_017,Foundry_Germany_D,Germany,Foundry,2023-06-25,7509,6657,0.898,geopolitical_tension (Active),49,7921,7921,1803,0,4297
run_017,Foundry_Taiwan_A,Taiwan,Foundry,2023-07-02,10250,4063,0.405,"pandemic_closure (Active), trade_restrictions (Active)",52,10586,10586,402799,0,5467
run_017,IDM_USA_B,USA,IDM,2023-07-02,11312,8827,0.802,"logistics_bottleneck (Active), trade_restrictions (Active)",44,10847,10847,524019,0,4589
run_017,OSAT_Malaysia_C,Malaysia,OSAT,2023-07-02,16983,11387,0.647,trade_restrictions (Active),27,10375,10375,1157673,0,7181
run_017,Foundry_Germany_D,Germany,Foundry,2023-07-02,7509,7006,0.949,geopolitical_tension (Recovery),35,7682,7682,1127,0,4297
run_017,Foundry_Taiwan_A,Taiwan,Foundry,2023-07-09,10250,4048,0.405,"pandemic_closure (Active), trade_restrictions (Active)",51,9414,9414,397433,0,5467
run_017,IDM_USA_B,USA,IDM,2023-07-09,11312,8793,0.802,"logistics_bottleneck (Recovery), trade_restrictions (Active)",44,7690,7690,525122,0,4589
run_017,OSAT_Malaysia_C,Malaysia,OSAT,2023-07-09,16983,11124,0.647,trade_restrictions (Active),24,11496,11496,1157301,0,7181
run_017,Foundry_Germany_D,Germany,Foundry,2023-07-09,7509,7606,1.0,geopolitical_tension (Recovery),32,6979,6979,1754,0,4297
run_017,Foundry_Taiwan_A,Taiwan,Foundry,2023-07-16,10250,3967,0.405,"pandemic_closure (Active), trade_restrictions (Active)",52,6017,6017,395383,0,5467
run_017,IDM_USA_B,USA,IDM,2023-07-16,11312,9672,0.868,trade_restrictions (Recovery),24,10800,10800,523994,0,4589
run_017,OSAT_Malaysia_C,Malaysia,OSAT,2023-07-16,16983,11124,0.647,trade_restrictions (Active),26,5632,5632,1162793,0,7181
run_017,Foundry_Germany_D,Germany,Foundry,2023-07-16,7509,6878,1.0,none,33,4974,4974,3658,0,4297
run_017,Foundry_Taiwan_A,Taiwan,Foundry,2023-07-23,10250,4224,0.405,"pandemic_closure (Active), trade_restrictions (Active)",49,5051,5051,394556,0,5467
run_017,IDM_USA_B,USA,IDM,2023-07-23,11312,10381,0.934,trade_restrictions (Recovery),23,7947,7947,526428,0,4589
run_017,OSAT_Malaysia_C,Malaysia,OSAT,2023-07-23,16983,10988,0.647,trade_restrictions (Active),25,9070,9070,1164711,0,7181
run_017,Foundry_Germany_D,Germany,Foundry,2023-07-23,7509,5327,0.688,trade_restrictions (Active),49,7903,7903,1082,0,4297
run_017,Foundry_Taiwan_A,Taiwan,Foundry,2023-07-30,10250,4830,0.456,"pandemic_closure (Active), trade_restrictions (Recovery)",49,5356,5356,394030,0,5467
run_017,IDM_USA_B,USA,IDM,2023-07-30,11312,11739,1.0,trade_restrictions (Recovery),23,5775,5775,532392,0,4589
run_017,OSAT_Malaysia_C,Malaysia,OSAT,2023-07-30,16983,10226,0.647,trade_restrictions (Active),26,7583,7583,1167354,0,7181
run_017,Foundry_Germany_D,Germany,Foundry,2023-07-30,7509,5379,0.688,trade_restrictions (Active),53,5070,5070,1391,0,4297
run_017,Foundry_Taiwan_A,Taiwan,Foundry,2023-08-06,10250,5352,0.506,"pandemic_closure (Active), trade_restrictions (Recovery)",47,6894,6894,392488,0,5467
run_017,IDM_USA_B,USA,IDM,2023-08-06,11312,11568,1.0,none,21,9701,9701,534259,0,4589
run_017,OSAT_Malaysia_C,Malaysia,OSAT,2023-08-06,16983,13415,0.765,trade_restrictions (Recovery),13,11341,11341,1169428,0,7181
run_017,Foundry_Germany_D,Germany,Foundry,2023-08-06,7509,4751,0.688,trade_restrictions (Active),54,5709,5709,433,0,4297
run_017,Foundry_Taiwan_A,Taiwan,Foundry,2023-08-13,10250,5703,0.557,"pandemic_closure (Active), trade_restrictions (Recovery)",40,6319,6319,391872,0,5467
run_017,IDM_USA_B,USA,IDM,2023-08-13,11312,10455,1.0,none,23,5782,5782,538932,0,4589
run_017,OSAT_Malaysia_C,Malaysia,OSAT,2023-08-13,16983,15283,0.882,trade_restrictions (Recovery),16,9359,9359,1175352,0,7181
run_017,Foundry_Germany_D,Germany,Foundry,2023-08-13,7509,6021,0.792,trade_restrictions (Recovery),30,8348,6454,0,1894,4297
run_017,Foundry_Taiwan_A,Taiwan,Foundry,2023-08-20,10250,6332,0.557,pandemic_closure (Active),45,9613,9613,388591,0,5467
run_017,IDM_USA_B,USA,IDM,2023-08-20,11312,9268,0.838,trade_restrictions (Active),44,5112,5112,543088,0,4589
run_017,OSAT_Malaysia_C,Malaysia,OSAT,2023-08-20,16983,16764,1.0,trade_restrictions (Recovery),17,9255,9255,1182861,0,7181
run_017,Foundry_Germany_D,Germany,Foundry,2023-08-20,7509,6033,0.896,trade_restrictions (Recovery),35,7711,6033,0,1678,4297
run_017,Foundry_Taiwan_A,Taiwan,Foundry,2023-08-27,10250,7186,0.668,pandemic_closure (Recovery),29,5453,5453,390324,0,5467
run_017,IDM_USA_B,USA,IDM,2023-08-27,11312,9330,0.838,trade_restrictions (Active),40,9894,9894,542524,0,4589
run_017,OSAT_Malaysia_C,Malaysia,OSAT,2023-08-27,16983,17058,1.0,none,16,9148,9148,1190771,0,7181
run_017,Foundry_Germany_D,Germany,Foundry,2023-08-27,7509,6811,1.0,trade_restrictions (Recovery),31,6642,6642,169,0,4297
run_017,Foundry_Taiwan_A,Taiwan,Foundry,2023-09-03,10250,7954,0.778,pandemic_closure (Recovery),31,4527,4527,393751,0,5467
run_017,IDM_USA_B,USA,IDM,2023-09-03,11312,9100,0.838,trade_restrictions (Active),46,6277,6277,545347,0,4589
run_017,OSAT_Malaysia_C,Malaysia,OSAT,2023-09-03,16983,17378,1.0,none,16,6860,6860,1201289,0,7181
run_017,Foundry_Germany_D,Germany,Foundry,2023-09-03,7509,7661,1.0,none,36,7854,7830,0,24,4297
run_017,Foundry_Taiwan_A,Taiwan,Foundry,2023-09-10,10250,739,0.07,"natural_disaster (Active), pandemic_closure (Recovery)",78,8394,8394,386096,0,5467
run_017,IDM_USA_B,USA,IDM,2023-09-10,11312,9665,0.838,trade_restrictions (Active),42,9376,9376,545636,0,4589
run_017,OSAT_Malaysia_C,Malaysia,OSAT,2023-09-10,16983,16924,1.0,none,17,7555,7555,1210658,0,7181
run_017,Foundry_Germany_D,Germany,Foundry,2023-09-10,7509,7242,1.0,logistics_bottleneck (Active),70,6289,6289,953,0,4297
run_017,Foundry_Taiwan_A,Taiwan,Foundry,2023-09-17,10250,2767,0.263,"natural_disaster (Recovery), pandemic_closure (Recovery)",28,9988,9988,378875,0,5467
run_017,IDM_USA_B,USA,IDM,2023-09-17,11312,8822,0.838,trade_restrictions (Active),44,7343,7343,547115,0,4589
run_017,OSAT_Malaysia_C,Malaysia,OSAT,2023-09-17,16983,16965,1.0,none,19,11672,11672,1215951,0,7181
run_017,Foundry_Germany_D,Germany,Foundry,2023-09-17,7509,7934,1.0,logistics_bottleneck (Active),68,5951,5951,2936,0,4297
run_017,Foundry_Taiwan_A,Taiwan,Foundry,2023-09-24,10250,4692,0.447,natural_disaster (Recovery),30,4974,4974,378593,0,5467
run_017,IDM_USA_B,USA,IDM,2023-09-24,11312,9528,0.838,trade_restrictions (Active),46,8535,8535,548108,0,4589
run_017,OSAT_Malaysia_C,Malaysia,OSAT,2023-09-24,16983,17175,1.0,none,18,10341,10341,1222785,0,7181
run_017,Foundry_Germany_D,Germany,Foundry,2023-09-24,7509,7985,1.0,logistics_bottleneck (Active),70,4285,4285,6636,0,4297
run_017,Foundry_Taiwan_A,Taiwan,Foundry,2023-10-01,10250,6468,0.632,natural_disaster (Recovery),31,9708,9708,375353,0,5467
run_017,IDM_USA_B,USA,IDM,2023-10-01,11312,9477,0.838,trade_restrictions (Active),42,8124,8124,549461,0,4589
run_017,OSAT_Malaysia_C,Malaysia,OSAT,2023-10-01,16983,16475,1.0,none,19,4572,4572,1234688,0,7181
run_017,Foundry_Germany_D,Germany,Foundry,2023-10-01,7509,8016,1.0,logistics_bottleneck (Recovery),31,8459,8459,6193,0,4297
run_017,Foundry_Taiwan_A,Taiwan,Foundry,2023-10-08,10250,8376,0.816,natural_disaster (Recovery),28,6653,6653,377076,0,5467
run_017,IDM_USA_B,USA,IDM,2023-10-08,11312,9440,0.838,trade_restrictions (Active),45,9598,9598,549303,0,4589
run_017,OSAT_Malaysia_C,Malaysia,OSAT,2023-10-08,16983,17733,1.0,none,17,10312,10312,1242109,0,7181
run_017,Foundry_Germany_D,Germany,Foundry,2023-10-08,7509,7859,1.0,none,31,5055,5055,8997,0,4297
run_017,Foundry_Taiwan_A,Taiwan,Foundry,2023-10-15,10250,10132,1.0,natural_disaster (Recovery),28,6072,6072,381136,0,5467
run_017,IDM_USA_B,USA,IDM,2023-10-15,11312,9607,0.838,trade_restrictions (Active),46,9580,9580,549330,0,4589
run_017,OSAT_Malaysia_C,Malaysia,OSAT,2023-10-15,16983,16837,1.0,none,16,6565,6565,1252381,0,7181
run_017,Foundry_Germany_D,Germany,Foundry,2023-10-15,7509,7595,1.0,none,32,5250,5250,11342,0,4297
run_017,Foundry_Taiwan_A,Taiwan,Foundry,2023-10-22,10250,10285,1.0,none,29,6796,6796,384625,0,5467
run_017,IDM_USA_B,USA,IDM,2023-10-22,11312,10355,0.892,trade_restrictions (Recovery),25,8638,8638,551047,0,4589
run_017,OSAT_Malaysia_C,Malaysia,OSAT,2023-10-22,16983,16809,1.0,none,18,7819,7819,1261371,0,7181
run_017,Foundry_Germany_D,Germany,Foundry,2023-10-22,7509,7180,1.0,none,35,6922,6922,11600,0,4297
run_017,Foundry_Taiwan_A,Taiwan,Foundry,2023-10-29,10250,10214,1.0,none,28,4014,4014,390825,0,5467
run_017,IDM_USA_B,USA,IDM,2023-10-29,11312,10956,0.946,trade_restrictions (Recovery),23,5440,5440,556563,0,4589
run_017,OSAT_Malaysia_C,Malaysia,OSAT,2023-10-29,16983,17282,1.0,none,18,5902,5902,1272751,0,7181
run_017,Foundry_Germany_D,Germany,Foundry,2023-10-29,7509,7770,1.0,none,32,9093,9093,10277,0,4297
run_017,Foundry_Taiwan_A,Taiwan,Foundry,2023-11-05,10250,9433,1.0,none,29,7463,7463,392795,0,5467
run_017,IDM_USA_B,USA,IDM,2023-11-05,11312,12375,1.0,trade_restrictions (Recovery),24,5668,5668,563270,0,4589
run_017,OSAT_Malaysia_C,Malaysia,OSAT,2023-11-05,16983,17496,1.0,logistics_bottleneck (Active),37,8384,8384,1281863,0,7181
run_017,Foundry_Germany_D,Germany,Foundry,2023-11-05,7509,7256,1.0,none,31,10877,10877,6656,0,4297
run_017,Foundry_Taiwan_A,Taiwan,Foundry,2023-11-12,10250,10623,1.0,none,30,5641,5641,397777,0,5467
run_017,IDM_USA_B,USA,IDM,2023-11-12,11312,11509,1.0,none,28,5382,5382,569397,0,4589
run_017,OSAT_Malaysia_C,Malaysia,OSAT,2023-11-12,16983,16834,1.0,logistics_bottleneck (Active),37,5736,5736,1292961,0,7181
run_017,Foundry_Germany_D,Germany,Foundry,2023-11-12,7509,7757,1.0,none,30,5292,5292,9121,0,4297
run_017,Foundry_Taiwan_A,Taiwan,Foundry,2023-11-19,10250,9255,1.0,none,32,6908,6908,400124,0,5467
run_017,IDM_USA_B,USA,IDM,2023-11-19,11312,2432,0.206,pandemic_closure (Active),37,12106,12106,559723,0,4589
run_017,OSAT_Malaysia_C,Malaysia,OSAT,2023-11-19,16983,17329,1.0,logistics_bottleneck (Active),34,8553,8553,1301737,0,7181
run_017,Foundry_Germany_D,Germany,Foundry,2023-11-19,7509,7620,1.0,none,34,7866,7866,8875,0,4297
run_017,Foundry_Taiwan_A,Taiwan,Foundry,2023-11-26,10250,10121,1.0,none,28,6541,6541,403704,0,5467
run_017,IDM_USA_B,USA,IDM,2023-11-26,11312,2344,0.206,pandemic_closure (Active),37,7651,7651,554416,0,4589
run_017,OSAT_Malaysia_C,Malaysia,OSAT,2023-11-26,16983,18372,1.0,logistics_bottleneck (Recovery),19,8898,8898,1311211,0,7181
run_017,Foundry_Germany_D,Germany,Foundry,2023-11-26,7509,6939,1.0,none,29,7664,7664,8150,0,4297
run_017,Foundry_Taiwan_A,Taiwan,Foundry,2023-12-03,10250,11151,1.0,none,31,7041,7041,407814,0,5467
run_017,IDM_USA_B,USA,IDM,2023-12-03,11312,2377,0.206,pandemic_closure (Active),39,10740,10740,546053,0,4589
run_017,OSAT_Malaysia_C,Malaysia,OSAT,2023-12-03,16983,16204,1.0,none,17,11883,11883,1315532,0,7181
run_017,Foundry_Germany_D,Germany,Foundry,2023-12-03,7509,2813,0.35,natural_disaster (Active),90,7147,7147,3816,0,4297
run_017,Foundry_Taiwan_A,Taiwan,Foundry,2023-12-10,10250,10088,1.0,none,29,7313,7313,410589,0,5467
run_017,IDM_USA_B,USA,IDM,2023-12-10,11312,2308,0.206,pandemic_closure (Active),36,6225,6225,542136,0,4589
run_017,OSAT_Malaysia_C,Malaysia,OSAT,2023-12-10,16983,18714,1.0,none,17,6571,6571,1327675,0,7181
run_017,Foundry_Germany_D,Germany,Foundry,2023-12-10,7509,3587,0.48,natural_disaster (Recovery),35,5470,5470,1933,0,4297
run_017,Foundry_Taiwan_A,Taiwan,Foundry,2023-12-17,10250,10798,1.0,none,31,7088,7088,414299,0,5467
run_017,IDM_USA_B,USA,IDM,2023-12-17,11312,2326,0.206,pandemic_closure (Active),37,6091,6091,538371,0,4589
run_017,OSAT_Malaysia_C,Malaysia,OSAT,2023-12-17,16983,17493,1.0,none,17,8760,8760,1336408,0,7181
run_017,Foundry_Germany_D,Germany,Foundry,2023-12-17,7509,4423,0.61,natural_disaster (Recovery),34,8895,6356,0,2539,4297
run_017,Foundry_Taiwan_A,Taiwan,Foundry,2023-12-24,10250,10815,1.0,none,28,6923,6923,418191,0,5467
run_017,IDM_USA_B,USA,IDM,2023-12-24,11312,2204,0.206,pandemic_closure (Active),37,8442,8442,532133,0,4589
run_017,OSAT_Malaysia_C,Malaysia,OSAT,2023-12-24,16983,10506,0.586,natural_disaster (Active),29,6441,6441,1340473,0,7181
run_017,Foundry_Germany_D,Germany,Foundry,2023-12-24,7509,5385,0.74,natural_disaster (Recovery),38,5006,5006,379,0,4297
run_017,Foundry_Taiwan_A,Taiwan,Foundry,2023-12-31,10250,10682,1.0,none,30,6633,6633,422240,0,5467
run_017,IDM_USA_B,USA,IDM,2023-12-31,11312,2375,0.206,pandemic_closure (Active),42,5558,5558,528950,0,4589
run_017,OSAT_Malaysia_C,Malaysia,OSAT,2023-12-31,16983,11268,0.669,natural_disaster (Recovery),21,6354,6354,1345387,0,7181
run_017,Foundry_Germany_D,Germany,Foundry,2023-12-31,7509,6498,0.87,natural_disaster (Recovery),37,7145,6877,0,268,4297
