run_id,factory_name,factory_location,factory_type,date,base_production_capacity,adjusted_production_units,production_impact_factor,active_risks,lead_time_days,simulated_demand_units,shipped_units,inventory_level_units,shortage_units,safety_stock_level
run_049,Foundry_Taiwan_A,Taiwan,Foundry,2020-01-05,10923,11322,1.0,none,30,8555,8555,55206,0,5243
run_049,IDM_USA_B,USA,IDM,2020-01-05,9191,10101,1.0,none,21,4936,4936,64841,0,5967
run_049,OSAT_Malaysia_C,Malaysia,OSAT,2020-01-05,16311,16158,1.0,none,24,9894,9894,82092,0,7582
run_049,Foundry_Germany_D,Germany,Foundry,2020-01-05,8587,8919,1.0,none,33,4711,4711,49383,0,4517
run_049,Foundry_Taiwan_A,Taiwan,Foundry,2020-01-12,10923,10952,1.0,none,29,9364,9364,56794,0,5243
run_049,IDM_USA_B,USA,IDM,2020-01-12,9191,8858,1.0,none,20,7071,7071,66628,0,5967
run_049,OSAT_Malaysia_C,Malaysia,OSAT,2020-01-12,16311,15769,1.0,none,24,4844,4844,93017,0,7582
run_049,Foundry_Germany_D,Germany,Foundry,2020-01-12,8587,8383,1.0,none,33,7540,7540,50226,0,4517
run_049,Foundry_Taiwan_A,Taiwan,Foundry,2020-01-19,10923,11602,1.0,none,31,10326,10326,58070,0,5243
run_049,IDM_USA_B,USA,IDM,2020-01-19,9191,9846,1.0,none,25,7249,7249,69225,0,5967
run_049,OSAT_Malaysia_C,Malaysia,OSAT,2020-01-19,16311,16600,1.0,none,23,10354,10354,99263,0,7582
run_049,Foundry_Germany_D,Germany,Foundry,2020-01-19,8587,8393,1.0,none,36,8497,8497,50122,0,4517
run_049,Foundry_Taiwan_A,Taiwan,Foundry,2020-01-26,10923,10916,1.0,none,29,8616,8616,60370,0,5243
run_049,IDM_USA_B,USA,IDM,2020-01-26,9191,8919,1.0,none,22,6406,6406,71738,0,5967
run_049,OSAT_Malaysia_C,Malaysia,OSAT,2020-01-26,16311,15496,1.0,none,27,7962,7962,106797,0,7582
run_049,Foundry_Germany_D,Germany,Foundry,2020-01-26,8587,8603,1.0,none,31,5478,5478,53247,0,4517
run_049,Foundry_Taiwan_A,Taiwan,Foundry,2020-02-02,10923,10870,1.0,none,32,6045,6045,65195,0,5243
run_049,IDM_USA_B,USA,IDM,2020-02-02,9191,9112,1.0,none,24,9989,9989,70861,0,5967
run_049,OSAT_Malaysia_C,Malaysia,OSAT,2020-02-02,16311,15998,1.0,none,19,9507,9507,113288,0,7582
run_049,Foundry_Germany_D,Germany,Foundry,2020-02-02,8587,8859,1.0,none,30,6664,6664,55442,0,4517
run_049,Foundry_Taiwan_A,Taiwan,Foundry,2020-02-09,10923,10094,1.0,none,31,6666,6666,68623,0,5243
run_049,IDM_USA_B,USA,IDM,2020-02-09,9191,9323,1.0,none,21,7335,7335,72849,0,5967
run_049,OSAT_Malaysia_C,Malaysia,OSAT,2020-02-09,16311,16330,1.0,none,20,7608,7608,122010,0,7582
run_049,Foundry_Germany_D,Germany,Foundry,2020-02-09,8587,8648,1.0,none,30,6461,6461,57629,0,4517
run_049,Foundry_Taiwan_A,Taiwan,Foundry,2020-02-16,10923,10324,1.0,logistics_bottleneck (Active),47,6388,6388,72559,0,5243
run_049,IDM_USA_B,USA,IDM,2020-02-16,9191,9808,1.0,none,21,8456,8456,74201,0,5967
run_049,OSAT_Malaysia_C,Malaysia,OSAT,2020-02-16,16311,16187,1.0,none,28,4910,4910,133287,0,7582
run_049,Foundry_Germany_D,Germany,Foundry,2020-02-16,8587,7871,1.0,none,34,10101,10101,55399,0,4517
run_049,Foundry_Taiwan_A,Taiwan,Foundry,2020-02-23,10923,10221,1.0,logistics_bottleneck (Active),45,8946,8946,73834,0,5243
run_049,IDM_USA_B,USA,IDM,2020-02-23,9191,9529,1.0,none,23,8214,8214,75516,0,5967
run_049,OSAT_Malaysia_C,Malaysia,OSAT,2020-02-23,16311,16037,1.0,logistics_bottleneck (Active),46,10584,10584,138740,0,7582
run_049,Foundry_Germany_D,Germany,Foundry,2020-02-23,8587,7435,0.822,trade_restrictions (Active),63,9463,9463,53371,0,4517
run_049,Foundry_Taiwan_A,Taiwan,Foundry,2020-03-01,10923,10517,1.0,logistics_bottleneck (Active),46,5184,5184,79167,0,5243
run_049,IDM_USA_B,USA,IDM,2020-03-01,9191,9295,1.0,none,24,5052,5052,79759,0,5967
run_049,OSAT_Malaysia_C,Malaysia,OSAT,2020-03-01,16311,15600,1.0,logistics_bottleneck (Recovery),25,8079,8079,146261,0,7582
run_049,Foundry_Germany_D,Germany,Foundry,2020-03-01,8587,6576,0.822,trade_restrictions (Active),63,8626,8626,51321,0,4517
run_049,Foundry_Taiwan_A,Taiwan,Foundry,2020-03-08,10923,10736,1.0,logistics_bottleneck (Active),52,5105,5105,84798,0,5243
run_049,IDM_USA_B,USA,IDM,2020-03-08,9191,8990,1.0,none,19,5892,5892,82857,0,5967
run_049,OSAT_Malaysia_C,Malaysia,OSAT,2020-03-08,16311,14375,1.0,none,27,8466,8466,152170,0,7582
run_049,Foundry_Germany_D,Germany,Foundry,2020-03-08,8587,1271,0.143,"natural_disaster (Active), trade_restrictions (Active)",90,7360,7360,45232,0,4517
run_049,Foundry_Taiwan_A,Taiwan,Foundry,2020-03-15,10923,10966,1.0,logistics_bottleneck (Recovery),28,7141,7141,88623,0,5243
run_049,IDM_USA_B,USA,IDM,2020-03-15,9191,9768,1.0,none,22,8024,8024,84601,0,5967
run_049,OSAT_Malaysia_C,Malaysia,OSAT,2020-03-15,16311,16537,1.0,none,21,8811,8811,159896,0,7582
run_049,Foundry_Germany_D,Germany,Foundry,2020-03-15,8587,1239,0.143,"natural_disaster (Active), trade_restrictions (Active)",90,9394,9394,37077,0,4517
run_049,Foundry_Taiwan_A,Taiwan,Foundry,2020-03-22,10923,10300,1.0,none,28,8581,8581,90342,0,5243
run_049,IDM_USA_B,USA,IDM,2020-03-22,9191,10012,1.0,none,28,11568,11568,83045,0,5967
run_049,OSAT_Malaysia_C,Malaysia,OSAT,2020-03-22,16311,15205,1.0,none,22,5539,5539,169562,0,7582
run_049,Foundry_Germany_D,Germany,Foundry,2020-03-22,8587,2293,0.279,"natural_disaster (Recovery), trade_restrictions (Active)",56,11204,11204,28166,0,4517
run_049,Foundry_Taiwan_A,Taiwan,Foundry,2020-03-29,10923,11310,1.0,none,31,9444,9444,92208,0,5243
run_049,IDM_USA_B,USA,IDM,2020-03-29,9191,8711,1.0,none,23,7857,7857,83899,0,5967
run_049,OSAT_Malaysia_C,Malaysia,OSAT,2020-03-29,16311,7028,0.46,pandemic_closure (Active),50,11125,11125,165465,0,7582
run_049,Foundry_Germany_D,Germany,Foundry,2020-03-29,8587,3786,0.415,"natural_disaster (Recovery), trade_restrictions (Active)",60,4762,4762,27190,0,4517
run_049,Foundry_Taiwan_A,Taiwan,Foundry,2020-04-05,10923,10478,1.0,none,33,8602,8602,94084,0,5243
run_049,IDM_USA_B,USA,IDM,2020-04-05,9191,9305,1.0,none,20,5000,5000,88204,0,5967
run_049,OSAT_Malaysia_C,Malaysia,OSAT,2020-04-05,16311,7693,0.46,pandemic_closure (Active),50,6054,6054,167104,0,7582
run_049,Foundry_Germany_D,Germany,Foundry,2020-04-05,8587,4795,0.55,"natural_disaster (Recovery), trade_restrictions (Active)",64,5166,5166,26819,0,4517
run_049,Foundry_Taiwan_A,Taiwan,Foundry,2020-04-12,10923,10795,1.0,none,30,9622,9622,95257,0,5243
run_049,IDM_USA_B,USA,IDM,2020-04-12,9191,9256,1.0,none,22,9307,9307,88153,0,5967
run_049,OSAT_Malaysia_C,Malaysia,OSAT,2020-04-12,16311,7342,0.46,pandemic_closure (Active),50,7484,7484,166962,0,7582
run_049,Foundry_Germany_D,Germany,Foundry,2020-04-12,8587,6607,0.736,"natural_disaster (Recovery), trade_restrictions (Recovery)",36,6231,6231,27195,0,4517
run_049,Foundry_Taiwan_A,Taiwan,Foundry,2020-04-19,10923,10587,1.0,none,30,4607,4607,101237,0,5243
run_049,IDM_USA_B,USA,IDM,2020-04-19,9191,8879,1.0,none,24,6948,6948,90084,0,5967
run_049,OSAT_Malaysia_C,Malaysia,OSAT,2020-04-19,16311,7781,0.46,pandemic_closure (Active),48,6504,6504,168239,0,7582
run_049,Foundry_Germany_D,Germany,Foundry,2020-04-19,8587,7981,0.941,"natural_disaster (Recovery), trade_restrictions (Recovery)",33,5810,5810,29366,0,4517
run_049,Foundry_Taiwan_A,Taiwan,Foundry,2020-04-26,10923,11658,1.0,none,28,6552,6552,106343,0,5243
run_049,IDM_USA_B,USA,IDM,2020-04-26,9191,9543,1.0,none,24,6782,6782,92845,0,5967
run_049,OSAT_Malaysia_C,Malaysia,OSAT,2020-04-26,16311,8632,0.595,pandemic_closure (Recovery),27,8806,8806,168065,0,7582
run_049,Foundry_Germany_D,Germany,Foundry,2020-04-26,8587,9185,1.0,trade_restrictions (Recovery),32,11096,11096,27455,0,4517
run_049,Foundry_Taiwan_A,Taiwan,Foundry,2020-05-03,10923,11543,1.0,none,29,6425,6425,111461,0,5243
run_049,IDM_USA_B,USA,IDM,2020-05-03,9191,9117,1.0,none,23,9102,9102,92860,0,5967
run_049,OSAT_Malaysia_C,Malaysia,OSAT,2020-05-03,16311,11960,0.73,pandemic_closure (Recovery),26,5848,5848,174177,0,7582
run_049,Foundry_Germany_D,Germany,Foundry,2020-05-03,8587,8973,1.0,none,27,10124,10124,26304,0,4517
run_049,Foundry_Taiwan_A,Taiwan,Foundry,2020-05-10,10923,10330,1.0,none,34,9744,9744,112047,0,5243
run_049,IDM_USA_B,USA,IDM,2020-05-10,9191,9551,1.0,none,21,5432,5432,96979,0,5967
run_049,OSAT_Malaysia_C,Malaysia,OSAT,2020-05-10,16311,15120,0.865,pandemic_closure (Recovery),27,6317,6317,182980,0,7582
run_049,Foundry_Germany_D,Germany,Foundry,2020-05-10,8587,8386,1.0,none,32,10458,10458,24232,0,4517
run_049,Foundry_Taiwan_A,Taiwan,Foundry,2020-05-17,10923,11641,1.0,none,33,10429,10429,113259,0,5243
run_049,IDM_USA_B,USA,IDM,2020-05-17,9191,9462,1.0,none,21,6487,6487,99954,0,5967
run_049,OSAT_Malaysia_C,Malaysia,OSAT,2020-05-17,16311,18139,1.0,pandemic_closure (Recovery),23,10235,10235,190884,0,7582
run_049,Foundry_Germany_D,Germany,Foundry,2020-05-17,8587,8937,1.0,none,29,8191,8191,24978,0,4517
run_049,Foundry_Taiwan_A,Taiwan,Foundry,2020-05-24,10923,10826,1.0,none,32,9087,9087,114998,0,5243
run_049,IDM_USA_B,USA,IDM,2020-05-24,9191,9310,1.0,none,24,7619,7619,101645,0,5967
run_049,OSAT_Malaysia_C,Malaysia,OSAT,2020-05-24,16311,16631,1.0,none,26,5571,5571,201944,0,7582
run_049,Foundry_Germany_D,Germany,Foundry,2020-05-24,8587,8603,1.0,none,31,4170,4170,29411,0,4517
run_049,Foundry_Taiwan_A,Taiwan,Foundry,2020-05-31,10923,11456,1.0,none,31,8092,8092,118362,0,5243
run_049,IDM_USA_B,USA,IDM,2020-05-31,9191,9225,1.0,none,24,10958,10958,99912,0,5967
run_049,OSAT_Malaysia_C,Malaysia,OSAT,2020-05-31,16311,17981,1.0,none,23,5919,5919,214006,0,7582
run_049,Foundry_Germany_D,Germany,Foundry,2020-05-31,8587,9068,1.0,none,35,7573,7573,30906,0,4517
run_049,Foundry_Taiwan_A,Taiwan,Foundry,2020-06-07,10923,11292,1.0,none,31,8659,8659,120995,0,5243
run_049,IDM_USA_B,USA,IDM,2020-06-07,9191,8753,1.0,none,24,8012,8012,100653,0,5967
run_049,OSAT_Malaysia_C,Malaysia,OSAT,2020-06-07,16311,15993,1.0,none,26,7838,7838,222161,0,7582
run_049,Foundry_Germany_D,Germany,Foundry,2020-06-07,8587,8918,1.0,none,40,8065,8065,31759,0,4517
run_049,Foundry_Taiwan_A,Taiwan,Foundry,2020-06-14,10923,10195,1.0,none,31,9242,9242,121948,0,5243
run_049,IDM_USA_B,USA,IDM,2020-06-14,9191,8947,1.0,none,24,5450,5450,104150,0,5967
run_049,OSAT_Malaysia_C,Malaysia,OSAT,2020-06-14,16311,16083,1.0,none,23,8734,8734,229510,0,7582
run_049,Foundry_Germany_D,Germany,Foundry,2020-06-14,8587,9176,1.0,none,34,9323,9323,31612,0,4517
run_049,Foundry_Taiwan_A,Taiwan,Foundry,2020-06-21,10923,5121,0.455,cyber_attack (Active),40,5319,5319,121750,0,5243
run_049,IDM_USA_B,USA,IDM,2020-06-21,9191,9606,1.0,none,24,5832,5832,107924,0,5967
run_049,OSAT_Malaysia_C,Malaysia,OSAT,2020-06-21,16311,17224,1.0,none,24,8643,8643,238091,0,7582
run_049,Foundry_Germany_D,Germany,Foundry,2020-06-21,8587,8832,1.0,none,32,10268,10268,30176,0,4517
run_049,Foundry_Taiwan_A,Taiwan,Foundry,2020-06-28,10923,5332,0.455,cyber_attack (Active),40,6996,6996,120086,0,5243
run_049,IDM_USA_B,USA,IDM,2020-06-28,9191,10040,1.0,none,23,9917,9917,108047,0,5967
run_049,OSAT_Malaysia_C,Malaysia,OSAT,2020-06-28,16311,16236,1.0,none,22,7654,7654,246673,0,7582
run_049,Foundry_Germany_D,Germany,Foundry,2020-06-28,8587,8297,1.0,logistics_bottleneck (Active),49,4904,4904,33569,0,4517
run_049,Foundry_Taiwan_A,Taiwan,Foundry,2020-07-05,10923,8487,0.728,cyber_attack (Recovery),32,8714,8714,119859,0,5243
run_049,IDM_USA_B,USA,IDM,2020-07-05,9191,9121,1.0,none,20,7306,7306,109862,0,5967
run_049,OSAT_Malaysia_C,Malaysia,OSAT,2020-07-05,16311,16117,1.0,none,24,6996,6996,255794,0,7582
run_049,Foundry_Germany_D,Germany,Foundry,2020-07-05,8587,7024,0.753,"logistics_bottleneck (Recovery), trade_restrictions (Active)",55,5517,5517,35076,0,4517
run_049,Foundry_Taiwan_A,Taiwan,Foundry,2020-07-12,10923,11853,1.0,cyber_attack (Recovery),32,4314,4314,127398,0,5243
run_049,IDM_USA_B,USA,IDM,2020-07-12,9191,8551,1.0,none,22,10083,10083,108330,0,5967
run_049,OSAT_Malaysia_C,Malaysia,OSAT,2020-07-12,16311,16983,1.0,none,23,9354,9354,263423,0,7582
run_049,Foundry_Germany_D,Germany,Foundry,2020-07-12,8587,6338,0.753,trade_restrictions (Active),60,8413,8413,33001,0,4517
run_049,Foundry_Taiwan_A,Taiwan,Foundry,2020-07-19,10923,10854,1.0,none,31,6216,6216,132036,0,5243
run_049,IDM_USA_B,USA,IDM,2020-07-19,9191,9197,1.0,none,23,7066,7066,110461,0,5967
run_049,OSAT_Malaysia_C,Malaysia,OSAT,2020-07-19,16311,16535,1.0,none,26,5572,5572,274386,0,7582
run_049,Foundry_Germany_D,Germany,Foundry,2020-07-19,8587,6909,0.753,trade_restrictions (Active),59,6160,6160,33750,0,4517
run_049,Foundry_Taiwan_A,Taiwan,Foundry,2020-07-26,10923,10800,1.0,none,30,7283,7283,135553,0,5243
run_049,IDM_USA_B,USA,IDM,2020-07-26,9191,9798,1.0,none,20,7055,7055,113204,0,5967
run_049,OSAT_Malaysia_C,Malaysia,OSAT,2020-07-26,16311,16227,1.0,none,25,9123,9123,281490,0,7582
run_049,Foundry_Germany_D,Germany,Foundry,2020-07-26,8587,6246,0.753,trade_restrictions (Active),60,6702,6702,33294,0,4517
run_049,Foundry_Taiwan_A,Taiwan,Foundry,2020-08-02,10923,1784,0.151,cyber_attack (Active),40,7064,7064,130273,0,5243
run_049,IDM_USA_B,USA,IDM,2020-08-02,9191,977,0.106,cyber_attack (Active),26,6692,6692,107489,0,5967
run_049,OSAT_Malaysia_C,Malaysia,OSAT,2020-08-02,16311,16280,1.0,none,21,6978,6978,290792,0,7582
run_049,Foundry_Germany_D,Germany,Foundry,2020-08-02,8587,7252,0.835,trade_restrictions (Recovery),31,5285,5285,35261,0,4517
run_049,Foundry_Taiwan_A,Taiwan,Foundry,2020-08-09,10923,1614,0.151,cyber_attack (Active),41,5689,5689,126198,0,5243
run_049,IDM_USA_B,USA,IDM,2020-08-09,9191,872,0.106,cyber_attack (Active),27,8307,8307,100054,0,5967
run_049,OSAT_Malaysia_C,Malaysia,OSAT,2020-08-09,16311,16514,1.0,none,26,6781,6781,300525,0,7582
run_049,Foundry_Germany_D,Germany,Foundry,2020-08-09,8587,7979,0.918,trade_restrictions (Recovery),29,4995,4995,38245,0,4517
run_049,Foundry_Taiwan_A,Taiwan,Foundry,2020-08-16,10923,1627,0.151,cyber_attack (Active),41,11623,11623,116202,0,5243
run_049,IDM_USA_B,USA,IDM,2020-08-16,9191,4969,0.553,cyber_attack (Recovery),24,6822,6822,98201,0,5967
run_049,OSAT_Malaysia_C,Malaysia,OSAT,2020-08-16,16311,16203,1.0,none,26,4609,4609,312119,0,7582
run_049,Foundry_Germany_D,Germany,Foundry,2020-08-16,8587,8357,1.0,trade_restrictions (Recovery),31,8663,8663,37939,0,4517
run_049,Foundry_Taiwan_A,Taiwan,Foundry,2020-08-23,10923,6687,0.576,cyber_attack (Recovery),33,5660,5660,117229,0,5243
run_049,IDM_USA_B,USA,IDM,2020-08-23,9191,9567,1.0,"cyber_attack (Recovery), logistics_bottleneck (Active)",47,6842,6842,100926,0,5967
run_049,OSAT_Malaysia_C,Malaysia,OSAT,2020-08-23,16311,16795,1.0,none,31,6136,6136,322778,0,7582
run_049,Foundry_Germany_D,Germany,Foundry,2020-08-23,8587,8526,1.0,none,34,9899,9899,36566,0,4517
run_049,Foundry_Taiwan_A,Taiwan,Foundry,2020-08-30,10923,10587,1.0,cyber_attack (Recovery),32,9155,9155,118661,0,5243
run_049,IDM_USA_B,USA,IDM,2020-08-30,9191,419,0.045,"logistics_bottleneck (Recovery), natural_disaster (Active)",69,5320,5320,96025,0,5967
run_049,OSAT_Malaysia_C,Malaysia,OSAT,2020-08-30,16311,16649,1.0,none,23,9156,9156,330271,0,7582
run_049,Foundry_Germany_D,Germany,Foundry,2020-08-30,8587,8871,1.0,none,31,9163,9163,36274,0,4517
run_049,Foundry_Taiwan_A,Taiwan,Foundry,2020-09-06,10923,12050,1.0,none,30,7550,7550,123161,0,5243
run_049,IDM_USA_B,USA,IDM,2020-09-06,9191,444,0.045,natural_disaster (Active),72,12841,12841,83628,0,5967
run_049,OSAT_Malaysia_C,Malaysia,OSAT,2020-09-06,16311,16450,1.0,none,24,6348,6348,340373,0,7582
run_049,Foundry_Germany_D,Germany,Foundry,2020-09-06,8587,8490,1.0,none,31,7481,7481,37283,0,4517
run_049,Foundry_Taiwan_A,Taiwan,Foundry,2020-09-13,10923,10302,1.0,none,30,5271,5271,128192,0,5243
run_049,IDM_USA_B,USA,IDM,2020-09-13,9191,2259,0.236,natural_disaster (Recovery),25,6405,6405,79482,0,5967
run_049,OSAT_Malaysia_C,Malaysia,OSAT,2020-09-13,16311,17197,1.0,none,23,9340,9340,348230,0,7582
run_049,Foundry_Germany_D,Germany,Foundry,2020-09-13,8587,9018,1.0,none,30,8103,8103,38198,0,4517
run_049,Foundry_Taiwan_A,Taiwan,Foundry,2020-09-20,10923,10634,1.0,none,33,7520,7520,131306,0,5243
run_049,IDM_USA_B,USA,IDM,2020-09-20,9191,3941,0.427,natural_disaster (Recovery),21,8947,8947,74476,0,5967
run_049,OSAT_Malaysia_C,Malaysia,OSAT,2020-09-20,16311,16358,1.0,none,26,6469,6469,358119,0,7582
run_049,Foundry_Germany_D,Germany,Foundry,2020-09-20,8587,2475,0.296,pandemic_closure (Active),90,10132,10132,30541,0,4517
run_049,Foundry_Taiwan_A,Taiwan,Foundry,2020-09-27,10923,11306,1.0,none,29,7723,7723,134889,0,5243
run_049,IDM_USA_B,USA,IDM,2020-09-27,9191,5870,0.618,natural_disaster (Recovery),22,5938,5938,74408,0,5967
run_049,OSAT_Malaysia_C,Malaysia,OSAT,2020-09-27,16311,16109,1.0,logistics_bottleneck (Active),39,6948,6948,367280,0,7582
run_049,Foundry_Germany_D,Germany,Foundry,2020-09-27,8587,2581,0.296,pandemic_closure (Active),90,5733,5733,27389,0,4517
run_049,Foundry_Taiwan_A,Taiwan,Foundry,2020-10-04,10923,10929,1.0,none,29,8900,8900,136918,0,5243
run_049,IDM_USA_B,USA,IDM,2020-10-04,9191,7700,0.809,natural_disaster (Recovery),25,8250,8250,73858,0,5967
run_049,OSAT_Malaysia_C,Malaysia,OSAT,2020-10-04,16311,16252,1.0,logistics_bottleneck (Active),42,10406,10406,373126,0,7582
run_049,Foundry_Germany_D,Germany,Foundry,2020-10-04,8587,2484,0.296,pandemic_closure (Active),90,6375,6375,23498,0,4517
run_049,Foundry_Taiwan_A,Taiwan,Foundry,2020-10-11,10923,10942,1.0,none,28,6215,6215,141645,0,5243
run_049,IDM_USA_B,USA,IDM,2020-10-11,9191,9602,1.0,natural_disaster (Recovery),27,8530,8530,74930,0,5967
run_049,OSAT_Malaysia_C,Malaysia,OSAT,2020-10-11,16311,16310,1.0,logistics_bottleneck (Recovery),25,10370,10370,379066,0,7582
run_049,Foundry_Germany_D,Germany,Foundry,2020-10-11,8587,2677,0.296,pandemic_closure (Active),90,5475,5475,20700,0,4517
run_049,Foundry_Taiwan_A,Taiwan,Foundry,2020-10-18,10923,10222,1.0,none,31,8543,8543,143324,0,5243
run_049,IDM_USA_B,USA,IDM,2020-10-18,9191,9644,1.0,none,21,7645,7645,76929,0,5967
run_049,OSAT_Malaysia_C,Malaysia,OSAT,2020-10-18,16311,16249,1.0,none,24,5387,5387,389928,0,7582
run_049,Foundry_Germany_D,Germany,Foundry,2020-10-18,8587,2635,0.296,pandemic_closure (Active),90,5396,5396,17939,0,4517
run_049,Foundry_Taiwan_A,Taiwan,Foundry,2020-10-25,10923,9902,1.0,none,30,8344,8344,144882,0,5243
run_049,IDM_USA_B,USA,IDM,2020-10-25,9191,8774,1.0,none,22,9006,9006,76697,0,5967
run_049,OSAT_Malaysia_C,Malaysia,OSAT,2020-10-25,16311,15882,1.0,none,24,6617,6617,399193,0,7582
run_049,Foundry_Germany_D,Germany,Foundry,2020-10-25,8587,2599,0.296,pandemic_closure (Active),90,6610,6610,13928,0,4517
run_049,Foundry_Taiwan_A,Taiwan,Foundry,2020-11-01,10923,10790,1.0,none,26,7887,7887,147785,0,5243
run_049,IDM_USA_B,USA,IDM,2020-11-01,9191,8937,1.0,none,21,4925,4925,80709,0,5967
run_049,OSAT_Malaysia_C,Malaysia,OSAT,2020-11-01,16311,14636,1.0,none,24,8962,8962,404867,0,7582
run_049,Foundry_Germany_D,Germany,Foundry,2020-11-01,8587,2408,0.296,pandemic_closure (Active),90,7439,7439,8897,0,4517
run_049,Foundry_Taiwan_A,Taiwan,Foundry,2020-11-08,10923,10903,1.0,none,28,11319,11319,147369,0,5243
run_049,IDM_USA_B,USA,IDM,2020-11-08,9191,9536,1.0,none,20,9541,9541,80704,0,5967
run_049,OSAT_Malaysia_C,Malaysia,OSAT,2020-11-08,16311,15480,1.0,none,29,10254,10254,410093,0,7582
run_049,Foundry_Germany_D,Germany,Foundry,2020-11-08,8587,4194,0.472,pandemic_closure (Recovery),32,6921,6921,6170,0,4517
run_049,Foundry_Taiwan_A,Taiwan,Foundry,2020-11-15,10923,10886,1.0,logistics_bottleneck (Active),56,9197,9197,149058,0,5243
run_049,IDM_USA_B,USA,IDM,2020-11-15,9191,9130,1.0,none,26,7453,7453,82381,0,5967
run_049,OSAT_Malaysia_C,Malaysia,OSAT,2020-11-15,16311,15754,1.0,none,25,5495,5495,420352,0,7582
run_049,Foundry_Germany_D,Germany,Foundry,2020-11-15,8587,5424,0.648,pandemic_closure (Recovery),30,9086,9086,2508,0,4517
run_049,Foundry_Taiwan_A,Taiwan,Foundry,2020-11-22,10923,11367,1.0,logistics_bottleneck (Active),52,6062,6062,154363,0,5243
run_049,IDM_USA_B,USA,IDM,2020-11-22,9191,9173,1.0,none,23,8663,8663,82891,0,5967
run_049,OSAT_Malaysia_C,Malaysia,OSAT,2020-11-22,16311,16153,1.0,none,29,5784,5784,430721,0,7582
run_049,Foundry_Germany_D,Germany,Foundry,2020-11-22,8587,7011,0.824,pandemic_closure (Recovery),32,7793,7793,1726,0,4517
run_049,Foundry_Taiwan_A,Taiwan,Foundry,2020-11-29,10923,11273,1.0,logistics_bottleneck (Active),51,10412,10412,155224,0,5243
run_049,IDM_USA_B,USA,IDM,2020-11-29,9191,9146,1.0,none,21,10418,10418,81619,0,5967
run_049,OSAT_Malaysia_C,Malaysia,OSAT,2020-11-29,16311,17073,1.0,none,26,8386,8386,439408,0,7582
run_049,Foundry_Germany_D,Germany,Foundry,2020-11-29,8587,9094,1.0,pandemic_closure (Recovery),32,6888,6888,3932,0,4517
run_049,Foundry_Taiwan_A,Taiwan,Foundry,2020-12-06,10923,11275,1.0,logistics_bottleneck (Recovery),30,6221,6221,160278,0,5243
run_049,IDM_USA_B,USA,IDM,2020-12-06,9191,8936,1.0,none,21,5800,5800,84755,0,5967
run_049,OSAT_Malaysia_C,Malaysia,OSAT,2020-12-06,16311,15706,1.0,none,25,6753,6753,448361,0,7582
run_049,Foundry_Germany_D,Germany,Foundry,2020-12-06,8587,8823,1.0,none,34,4301,4301,8454,0,4517
run_049,Foundry_Taiwan_A,Taiwan,Foundry,2020-12-13,10923,10523,1.0,none,32,7185,7185,163616,0,5243
run_049,IDM_USA_B,USA,IDM,2020-12-13,9191,9225,1.0,none,19,8833,8833,85147,0,5967
run_049,OSAT_Malaysia_C,Malaysia,OSAT,2020-12-13,16311,17021,1.0,none,22,5718,5718,459664,0,7582
run_049,Foundry_Germany_D,Germany,Foundry,2020-12-13,8587,8722,1.0,none,33,6845,6845,10331,0,4517
run_049,Foundry_Taiwan_A,Taiwan,Foundry,2020-12-20,10923,10722,1.0,none,26,7084,7084,167254,0,5243
run_049,IDM_USA_B,USA,IDM,2020-12-20,9191,9194,1.0,none,22,8157,8157,86184,0,5967
run_049,OSAT_Malaysia_C,Malaysia,OSAT,2020-12-20,16311,16737,1.0,none,23,7377,7377,469024,0,7582
run_049,Foundry_Germany_D,Germany,Foundry,2020-12-20,8587,8138,1.0,none,35,5702,5702,12767,0,4517
run_049,Foundry_Taiwan_A,Taiwan,Foundry,2020-12-27,10923,10482,1.0,none,27,7486,7486,170250,0,5243
run_049,IDM_USA_B,USA,IDM,2020-12-27,9191,8972,1.0,none,24,8957,8957,86199,0,5967
run_049,OSAT_Malaysia_C,Malaysia,OSAT,2020-12-27,16311,17360,1.0,none,23,5383,5383,481001,0,7582
run_049,Foundry_Germany_D,Germany,Foundry,2020-12-27,8587,8445,1.0,none,33,6318,6318,14894,0,4517
run_049,Foundry_Taiwan_A,Taiwan,Foundry,2021-01-03,10923,11169,1.0,none,28,8194,8194,173225,0,5243
run_049,IDM_USA_B,USA,IDM,2021-01-03,9191,8649,1.0,none,22,7300,7300,87548,0,5967
run_049,OSAT_Malaysia_C,Malaysia,OSAT,2021-01-03,16311,15937,1.0,none,26,10739,10739,486199,0,7582
run_049,Foundry_Germany_D,Germany,Foundry,2021-01-03,8587,8729,1.0,none,30,8141,8141,15482,0,4517
run_049,Foundry_Taiwan_A,Taiwan,Foundry,2021-01-10,10923,11667,1.0,none,31,5028,5028,179864,0,5243
run_049,IDM_USA_B,USA,IDM,2021-01-10,9191,9487,1.0,none,23,6977,6977,90058,0,5967
run_049,OSAT_Malaysia_C,Malaysia,OSAT,2021-01-10,16311,16407,1.0,none,25,9232,9232,493374,0,7582
run_049,Foundry_Germany_D,Germany,Foundry,2021-01-10,8587,8182,1.0,none,32,3889,3889,19775,0,4517
run_049,Foundry_Taiwan_A,Taiwan,Foundry,2021-01-17,10923,11487,1.0,none,29,9566,9566,181785,0,5243
run_049,IDM_USA_B,USA,IDM,2021-01-17,9191,8776,1.0,none,21,8752,8752,90082,0,5967
run_049,OSAT_Malaysia_C,Malaysia,OSAT,2021-01-17,16311,16497,1.0,none,24,9446,9446,500425,0,7582
run_049,Foundry_Germany_D,Germany,Foundry,2021-01-17,8587,8395,1.0,none,32,7704,7704,20466,0,4517
run_049,Foundry_Taiwan_A,Taiwan,Foundry,2021-01-24,10923,11115,1.0,none,34,6015,6015,186885,0,5243
run_049,IDM_USA_B,USA,IDM,2021-01-24,9191,9494,1.0,none,23,4390,4390,95186,0,5967
run_049,OSAT_Malaysia_C,Malaysia,OSAT,2021-01-24,16311,15623,1.0,none,25,6399,6399,509649,0,7582
run_049,Foundry_Germany_D,Germany,Foundry,2021-01-24,8587,9430,1.0,none,34,6498,6498,23398,0,4517
run_049,Foundry_Taiwan_A,Taiwan,Foundry,2021-01-31,10923,10777,1.0,none,30,9205,9205,188457,0,5243
run_049,IDM_USA_B,USA,IDM,2021-01-31,9191,8737,1.0,none,24,5226,5226,98697,0,5967
run_049,OSAT_Malaysia_C,Malaysia,OSAT,2021-01-31,16311,16657,1.0,none,26,7318,7318,518988,0,7582
run_049,Foundry_Germany_D,Germany,Foundry,2021-01-31,8587,8679,1.0,none,33,12328,12328,19749,0,4517
run_049,Foundry_Taiwan_A,Taiwan,Foundry,2021-02-07,10923,8098,0.834,trade_restrictions (Active),47,7557,7557,188998,0,5243
run_049,IDM_USA_B,USA,IDM,2021-02-07,9191,9516,1.0,none,23,6736,6736,101477,0,5967
run_049,OSAT_Malaysia_C,Malaysia,OSAT,2021-02-07,16311,16894,1.0,none,23,8625,8625,527257,0,7582
run_049,Foundry_Germany_D,Germany,Foundry,2021-02-07,8587,8252,1.0,none,32,8632,8632,19369,0,4517
run_049,Foundry_Taiwan_A,Taiwan,Foundry,2021-02-14,10923,9351,0.834,trade_restrictions (Active),47,9324,9324,189025,0,5243
run_049,IDM_USA_B,USA,IDM,2021-02-14,9191,9090,1.0,none,24,7528,7528,103039,0,5967
run_049,OSAT_Malaysia_C,Malaysia,OSAT,2021-02-14,16311,15808,1.0,none,24,7783,7783,535282,0,7582
run_049,Foundry_Germany_D,Germany,Foundry,2021-02-14,8587,8784,1.0,none,31,8248,8248,19905,0,4517
run_049,Foundry_Taiwan_A,Taiwan,Foundry,2021-02-21,10923,9805,0.834,trade_restrictions (Active),49,8525,8525,190305,0,5243
run_049,IDM_USA_B,USA,IDM,2021-02-21,9191,9087,1.0,none,26,4306,4306,107820,0,5967
run_049,OSAT_Malaysia_C,Malaysia,OSAT,2021-02-21,16311,16894,1.0,none,26,3790,3790,548386,0,7582
run_049,Foundry_Germany_D,Germany,Foundry,2021-02-21,8587,8886,1.0,none,34,6533,6533,22258,0,4517
run_049,Foundry_Taiwan_A,Taiwan,Foundry,2021-02-28,10923,9339,0.834,trade_restrictions (Active),48,9078,9078,190566,0,5243
run_049,IDM_USA_B,USA,IDM,2021-02-28,9191,8937,1.0,none,22,5004,5004,111753,0,5967
run_049,OSAT_Malaysia_C,Malaysia,OSAT,2021-02-28,16311,17080,1.0,none,25,9743,9743,555723,0,7582
run_049,Foundry_Germany_D,Germany,Foundry,2021-02-28,8587,7281,0.801,geopolitical_tension (Active),36,8838,8838,20701,0,4517
run_049,Foundry_Taiwan_A,Taiwan,Foundry,2021-03-07,10923,10348,0.889,trade_restrictions (Recovery),28,4353,4353,196561,0,5243
run_049,IDM_USA_B,USA,IDM,2021-03-07,9191,9588,1.0,none,22,9132,9132,112209,0,5967
run_049,OSAT_Malaysia_C,Malaysia,OSAT,2021-03-07,16311,16309,1.0,none,26,8049,8049,563983,0,7582
run_049,Foundry_Germany_D,Germany,Foundry,2021-03-07,8587,6337,0.801,geopolitical_tension (Active),40,10574,10574,16464,0,4517
run_049,Foundry_Taiwan_A,Taiwan,Foundry,2021-03-14,10923,10426,0.945,trade_restrictions (Recovery),31,5911,5911,201076,0,5243
run_049,IDM_USA_B,USA,IDM,2021-03-14,9191,9755,1.0,none,23,5841,5841,116123,0,5967
run_049,OSAT_Malaysia_C,Malaysia,OSAT,2021-03-14,16311,16608,1.0,none,28,4520,4520,576071,0,7582
run_049,Foundry_Germany_D,Germany,Foundry,2021-03-14,8587,6619,0.801,geopolitical_tension (Active),45,8788,8788,14295,0,4517
run_049,Foundry_Taiwan_A,Taiwan,Foundry,2021-03-21,10923,10874,1.0,trade_restrictions (Recovery),27,6787,6787,205163,0,5243
run_049,IDM_USA_B,USA,IDM,2021-03-21,9191,8837,1.0,none,23,12940,12940,112020,0,5967
run_049,OSAT_Malaysia_C,Malaysia,OSAT,2021-03-21,16311,16353,1.0,none,24,10364,10364,582060,0,7582
run_049,Foundry_Germany_D,Germany,Foundry,2021-03-21,8587,6552,0.801,geopolitical_tension (Active),42,7798,7798,13049,0,4517
run_049,Foundry_Taiwan_A,Taiwan,Foundry,2021-03-28,10923,11535,1.0,none,31,6558,6558,210140,0,5243
run_049,IDM_USA_B,USA,IDM,2021-03-28,9191,8870,1.0,none,23,5091,5091,115799,0,5967
run_049,OSAT_Malaysia_C,Malaysia,OSAT,2021-03-28,16311,15968,1.0,none,24,8787,8787,589241,0,7582
run_049,Foundry_Germany_D,Germany,Foundry,2021-03-28,8587,6251,0.801,geopolitical_tension (Active),38,7160,7160,12140,0,4517
run_049,Foundry_Taiwan_A,Taiwan,Foundry,2021-04-04,10923,9950,1.0,none,30,7225,7225,212865,0,5243
run_049,IDM_USA_B,USA,IDM,2021-04-04,9191,8841,1.0,none,22,5316,5316,119324,0,5967
run_049,OSAT_Malaysia_C,Malaysia,OSAT,2021-04-04,16311,16232,1.0,none,21,8474,8474,596999,0,7582
run_049,Foundry_Germany_D,Germany,Foundry,2021-04-04,8587,6842,0.801,geopolitical_tension (Active),38,7629,7629,11353,0,4517
run_049,Foundry_Taiwan_A,Taiwan,Foundry,2021-04-11,10923,10785,1.0,none,28,4266,4266,219384,0,5243
run_049,IDM_USA_B,USA,IDM,2021-04-11,9191,9054,1.0,none,21,8178,8178,120200,0,5967
run_049,OSAT_Malaysia_C,Malaysia,OSAT,2021-04-11,16311,16469,1.0,none,20,7623,7623,605845,0,7582
run_049,Foundry_Germany_D,Germany,Foundry,2021-04-11,8587,7692,0.901,geopolitical_tension (Recovery),34,6662,6662,12383,0,4517
run_049,Foundry_Taiwan_A,Taiwan,Foundry,2021-04-18,10923,10442,1.0,none,29,4701,4701,225125,0,5243
run_049,IDM_USA_B,USA,IDM,2021-04-18,9191,9149,1.0,none,24,8088,8088,121261,0,5967
run_049,OSAT_Malaysia_C,Malaysia,OSAT,2021-04-18,16311,15928,1.0,none,22,4030,4030,617743,0,7582
run_049,Foundry_Germany_D,Germany,Foundry,2021-04-18,8587,8592,1.0,geopolitical_tension (Recovery),32,6187,6187,14788,0,4517
run_049,Foundry_Taiwan_A,Taiwan,Foundry,2021-04-25,10923,11118,1.0,none,27,5315,5315,230928,0,5243
run_049,IDM_USA_B,USA,IDM,2021-04-25,9191,4345,0.468,"logistics_bottleneck (Active), pandemic_closure (Active)",45,8183,8183,117423,0,5967
run_049,OSAT_Malaysia_C,Malaysia,OSAT,2021-04-25,16311,15997,1.0,none,22,8079,8079,625661,0,7582
run_049,Foundry_Germany_D,Germany,Foundry,2021-04-25,8587,8798,1.0,none,34,10623,10623,12963,0,4517
run_049,Foundry_Taiwan_A,Taiwan,Foundry,2021-05-02,10923,9419,0.874,geopolitical_tension (Active),55,11732,11732,228615,0,5243
run_049,IDM_USA_B,USA,IDM,2021-05-02,9191,4544,0.468,"logistics_bottleneck (Active), pandemic_closure (Active)",47,10449,10449,111518,0,5967
run_049,OSAT_Malaysia_C,Malaysia,OSAT,2021-05-02,16311,15136,1.0,none,24,11007,11007,629790,0,7582
run_049,Foundry_Germany_D,Germany,Foundry,2021-05-02,8587,8547,1.0,logistics_bottleneck (Active),78,8065,8065,13445,0,4517
run_049,Foundry_Taiwan_A,Taiwan,Foundry,2021-05-09,10923,10356,0.874,geopolitical_tension (Active),56,4728,4728,234243,0,5243
run_049,IDM_USA_B,USA,IDM,2021-05-09,9191,4279,0.468,"logistics_bottleneck (Active), pandemic_closure (Active)",47,6692,6692,109105,0,5967
run_049,OSAT_Malaysia_C,Malaysia,OSAT,2021-05-09,16311,10563,0.606,trade_restrictions (Active),43,7045,7045,633308,0,7582
run_049,Foundry_Germany_D,Germany,Foundry,2021-05-09,8587,8277,1.0,logistics_bottleneck (Active),80,8202,8202,13520,0,4517
run_049,Foundry_Taiwan_A,Taiwan,Foundry,2021-05-16,10923,9895,0.937,geopolitical_tension (Recovery),30,7260,7260,236878,0,5243
run_049,IDM_USA_B,USA,IDM,2021-05-16,9191,4370,0.468,"logistics_bottleneck (Recovery), pandemic_closure (Active)",36,8330,8330,105145,0,5967
run_049,OSAT_Malaysia_C,Malaysia,OSAT,2021-05-16,16311,8850,0.606,trade_restrictions (Active),43,7536,7536,634622,0,7582
run_049,Foundry_Germany_D,Germany,Foundry,2021-05-16,8587,3871,0.454,"cyber_attack (Active), logistics_bottleneck (Active)",75,4377,4377,13014,0,4517
run_049,Foundry_Taiwan_A,Taiwan,Foundry,2021-05-23,10923,10504,1.0,geopolitical_tension (Recovery),34,5886,5886,241496,0,5243
run_049,IDM_USA_B,USA,IDM,2021-05-23,9191,4018,0.468,pandemic_closure (Active),36,8293,8293,100870,0,5967
run_049,OSAT_Malaysia_C,Malaysia,OSAT,2021-05-23,16311,9521,0.606,trade_restrictions (Active),42,8695,8695,635448,0,7582
run_049,Foundry_Germany_D,Germany,Foundry,2021-05-23,8587,3865,0.454,"cyber_attack (Active), logistics_bottleneck (Recovery)",51,3898,3898,12981,0,4517
run_049,Foundry_Taiwan_A,Taiwan,Foundry,2021-05-30,10923,10847,1.0,none,30,9474,9474,242869,0,5243
run_049,IDM_USA_B,USA,IDM,2021-05-30,9191,4284,0.468,pandemic_closure (Active),37,6584,6584,98570,0,5967
run_049,OSAT_Malaysia_C,Malaysia,OSAT,2021-05-30,16311,9727,0.606,"logistics_bottleneck (Active), trade_restrictions (Active)",45,6141,6141,639034,0,7582
run_049,Foundry_Germany_D,Germany,Foundry,2021-05-30,8587,3684,0.454,cyber_attack (Active),47,10044,10044,6621,0,4517
run_049,Foundry_Taiwan_A,Taiwan,Foundry,2021-06-06,10923,10917,1.0,none,30,4802,4802,248984,0,5243
run_049,IDM_USA_B,USA,IDM,2021-06-06,9191,3904,0.468,pandemic_closure (Active),35,6589,6589,95885,0,5967
run_049,OSAT_Malaysia_C,Malaysia,OSAT,2021-06-06,16311,10108,0.606,"logistics_bottleneck (Active), trade_restrictions (Active)",44,6441,6441,642701,0,7582
run_049,Foundry_Germany_D,Germany,Foundry,2021-06-06,8587,4228,0.502,"cyber_attack (Recovery), trade_restrictions (Active)",48,5961,5961,4888,0,4517
run_049,Foundry_Taiwan_A,Taiwan,Foundry,2021-06-13,10923,11316,1.0,none,33,7211,7211,253089,0,5243
run_049,IDM_USA_B,USA,IDM,2021-06-13,9191,4326,0.468,pandemic_closure (Active),37,5216,5216,94995,0,5967
run_049,OSAT_Malaysia_C,Malaysia,OSAT,2021-06-13,16311,9816,0.606,"logistics_bottleneck (Active), trade_restrictions (Active)",42,7372,7372,645145,0,7582
run_049,Foundry_Germany_D,Germany,Foundry,2021-06-13,8587,5758,0.69,"cyber_attack (Recovery), trade_restrictions (Active)",48,8103,8103,2543,0,4517
run_049,Foundry_Taiwan_A,Taiwan,Foundry,2021-06-20,10923,10248,1.0,none,30,7273,7273,256064,0,5243
run_049,IDM_USA_B,USA,IDM,2021-06-20,9191,4336,0.468,pandemic_closure (Active),37,4095,4095,95236,0,5967
run_049,OSAT_Malaysia_C,Malaysia,OSAT,2021-06-20,16311,13326,0.737,"logistics_bottleneck (Recovery), trade_restrictions (Recovery)",24,8383,8383,650088,0,7582
run_049,Foundry_Germany_D,Germany,Foundry,2021-06-20,8587,5826,0.69,trade_restrictions (Active),47,7064,7064,1305,0,4517
run_049,Foundry_Taiwan_A,Taiwan,Foundry,2021-06-27,10923,11143,1.0,none,30,6858,6858,260349,0,5243
run_049,IDM_USA_B,USA,IDM,2021-06-27,9191,5777,0.601,pandemic_closure (Recovery),21,9779,9779,91234,0,5967
run_049,OSAT_Malaysia_C,Malaysia,OSAT,2021-06-27,16311,15275,0.869,trade_restrictions (Recovery),26,11183,11183,654180,0,7582
run_049,Foundry_Germany_D,Germany,Foundry,2021-06-27,8587,5989,0.69,trade_restrictions (Active),47,9456,7294,0,2162,4517
run_049,Foundry_Taiwan_A,Taiwan,Foundry,2021-07-04,10923,11729,1.0,none,33,7565,7565,264513,0,5243
run_049,IDM_USA_B,USA,IDM,2021-07-04,9191,6439,0.734,pandemic_closure (Recovery),25,7438,7438,90235,0,5967
run_049,OSAT_Malaysia_C,Malaysia,OSAT,2021-07-04,16311,15931,1.0,trade_restrictions (Recovery),25,6671,6671,663440,0,7582
run_049,Foundry_Germany_D,Germany,Foundry,2021-07-04,8587,3896,0.474,trade_restrictions (Active),56,6514,3896,0,2618,4517
run_049,Foundry_Taiwan_A,Taiwan,Foundry,2021-07-11,10923,10594,1.0,none,31,8077,8077,267030,0,5243
run_049,IDM_USA_B,USA,IDM,2021-07-11,9191,8396,0.867,pandemic_closure (Recovery),25,9175,9175,89456,0,5967
run_049,OSAT_Malaysia_C,Malaysia,OSAT,2021-07-11,16311,13163,0.755,geopolitical_tension (Active),36,7601,7601,669002,0,7582
run_049,Foundry_Germany_D,Germany,Foundry,2021-07-11,8587,3869,0.474,trade_restrictions (Active),60,6301,3869,0,2432,4517
run_049,Foundry_Taiwan_A,Taiwan,Foundry,2021-07-18,10923,11043,1.0,none,32,7156,7156,270917,0,5243
run_049,IDM_USA_B,USA,IDM,2021-07-18,9191,8692,1.0,pandemic_closure (Recovery),24,7603,7603,90545,0,5967
run_049,OSAT_Malaysia_C,Malaysia,OSAT,2021-07-18,16311,12671,0.755,geopolitical_tension (Active),35,6712,6712,674961,0,7582
run_049,Foundry_Germany_D,Germany,Foundry,2021-07-18,8587,4226,0.474,trade_restrictions (Active),62,8448,4226,0,4222,4517
run_049,Foundry_Taiwan_A,Taiwan,Foundry,2021-07-25,10923,10064,1.0,none,27,8648,8648,272333,0,5243
run_049,IDM_USA_B,USA,IDM,2021-07-25,9191,8958,1.0,none,24,6811,6811,92692,0,5967
run_049,OSAT_Malaysia_C,Malaysia,OSAT,2021-07-25,16311,12517,0.755,geopolitical_tension (Active),35,7011,7011,680467,0,7582
run_049,Foundry_Germany_D,Germany,Foundry,2021-07-25,8587,4124,0.474,trade_restrictions (Active),59,5149,4124,0,1025,4517
run_049,Foundry_Taiwan_A,Taiwan,Foundry,2021-08-01,10923,10846,1.0,none,30,6924,6924,276255,0,5243
run_049,IDM_USA_B,USA,IDM,2021-08-01,9191,8472,1.0,none,22,7638,7638,93526,0,5967
run_049,OSAT_Malaysia_C,Malaysia,OSAT,2021-08-01,16311,12449,0.755,geopolitical_tension (Active),37,7227,7227,685689,0,7582
run_049,Foundry_Germany_D,Germany,Foundry,2021-08-01,8587,3958,0.474,trade_restrictions (Active),63,8353,3958,0,4395,4517
run_049,Foundry_Taiwan_A,Taiwan,Foundry,2021-08-08,10923,10653,1.0,none,29,7690,7690,279218,0,5243
run_049,IDM_USA_B,USA,IDM,2021-08-08,9191,9284,1.0,none,22,7592,7592,95218,0,5967
run_049,OSAT_Malaysia_C,Malaysia,OSAT,2021-08-08,16311,12325,0.755,geopolitical_tension (Active),35,6339,6339,691675,0,7582
run_049,Foundry_Germany_D,Germany,Foundry,2021-08-08,8587,4005,0.474,trade_restrictions (Active),59,8590,4005,0,4585,4517
run_049,Foundry_Taiwan_A,Taiwan,Foundry,2021-08-15,10923,11884,1.0,none,28,6265,6265,284837,0,5243
run_049,IDM_USA_B,USA,IDM,2021-08-15,9191,9396,1.0,none,22,7576,7576,97038,0,5967
run_049,OSAT_Malaysia_C,Malaysia,OSAT,2021-08-15,16311,12043,0.755,geopolitical_tension (Active),39,10574,10574,693144,0,7582
run_049,Foundry_Germany_D,Germany,Foundry,2021-08-15,8587,4932,0.545,"trade_restrictions (Active), trade_restrictions (Recovery)",58,8075,4932,0,3143,4517
run_049,Foundry_Taiwan_A,Taiwan,Foundry,2021-08-22,10923,10906,1.0,none,28,9840,9840,285903,0,5243
run_049,IDM_USA_B,USA,IDM,2021-08-22,9191,8900,1.0,none,24,9132,9132,96806,0,5967
run_049,OSAT_Malaysia_C,Malaysia,OSAT,2021-08-22,16311,11955,0.755,geopolitical_tension (Active),34,5143,5143,699956,0,7582
run_049,Foundry_Germany_D,Germany,Foundry,2021-08-22,8587,5073,0.616,"trade_restrictions (Active), trade_restrictions (Recovery)",61,6256,5073,0,1183,4517
run_049,Foundry_Taiwan_A,Taiwan,Foundry,2021-08-29,10923,10651,1.0,none,30,7895,7895,288659,0,5243
run_049,IDM_USA_B,USA,IDM,2021-08-29,9191,8963,1.0,logistics_bottleneck (Active),50,6105,6105,99664,0,5967
run_049,OSAT_Malaysia_C,Malaysia,OSAT,2021-08-29,16311,12138,0.755,geopolitical_tension (Active),37,7800,7800,704294,0,7582
run_049,Foundry_Germany_D,Germany,Foundry,2021-08-29,8587,5694,0.647,"geopolitical_tension (Active), trade_restrictions (Recovery)",59,8921,5694,0,3227,4517
run_049,Foundry_Taiwan_A,Taiwan,Foundry,2021-09-05,10923,10562,1.0,none,32,6438,6438,292783,0,5243
run_049,IDM_USA_B,USA,IDM,2021-09-05,9191,8897,1.0,logistics_bottleneck (Active),52,6966,6966,101595,0,5967
run_049,OSAT_Malaysia_C,Malaysia,OSAT,2021-09-05,16311,14624,0.877,geopolitical_tension (Recovery),21,7935,7935,710983,0,7582
run_049,Foundry_Germany_D,Germany,Foundry,2021-09-05,8587,6621,0.733,"geopolitical_tension (Active), trade_restrictions (Recovery)",59,7696,6621,0,1075,4517
run_049,Foundry_Taiwan_A,Taiwan,Foundry,2021-09-12,10923,10859,1.0,none,31,11438,11438,292204,0,5243
run_049,IDM_USA_B,USA,IDM,2021-09-12,9191,8674,1.0,logistics_bottleneck (Active),51,3026,3026,107243,0,5967
run_049,OSAT_Malaysia_C,Malaysia,OSAT,2021-09-12,16311,16438,1.0,geopolitical_tension (Recovery),28,6492,6492,720929,0,7582
run_049,Foundry_Germany_D,Germany,Foundry,2021-09-12,8587,7764,0.909,"geopolitical_tension (Recovery), trade_restrictions (Recovery)",31,5128,5128,2636,0,4517
run_049,Foundry_Taiwan_A,Taiwan,Foundry,2021-09-19,10923,10766,1.0,none,28,9139,9139,293831,0,5243
run_049,IDM_USA_B,USA,IDM,2021-09-19,9191,9198,1.0,logistics_bottleneck (Active),55,7147,7147,109294,0,5967
run_049,OSAT_Malaysia_C,Malaysia,OSAT,2021-09-19,16311,15428,1.0,none,21,5382,5382,730975,0,7582
run_049,Foundry_Germany_D,Germany,Foundry,2021-09-19,8587,8152,1.0,geopolitical_tension (Recovery),35,8220,8220,2568,0,4517
run_049,Foundry_Taiwan_A,Taiwan,Foundry,2021-09-26,10923,10443,1.0,none,29,4424,4424,299850,0,5243
run_049,IDM_USA_B,USA,IDM,2021-09-26,9191,9697,1.0,logistics_bottleneck (Recovery),26,8378,8378,110613,0,5967
run_049,OSAT_Malaysia_C,Malaysia,OSAT,2021-09-26,16311,17017,1.0,none,25,7557,7557,740435,0,7582
run_049,Foundry_Germany_D,Germany,Foundry,2021-09-26,8587,8927,1.0,none,30,7860,7860,3635,0,4517
run_049,Foundry_Taiwan_A,Taiwan,Foundry,2021-10-03,10923,5358,0.563,natural_disaster (Active),90,7928,7928,297280,0,5243
run_049,IDM_USA_B,USA,IDM,2021-10-03,9191,4970,0.523,natural_disaster (Active),60,10189,10189,105394,0,5967
run_049,OSAT_Malaysia_C,Malaysia,OSAT,2021-10-03,16311,16122,1.0,none,26,8315,8315,748242,0,7582
run_049,Foundry_Germany_D,Germany,Foundry,2021-10-03,8587,8231,1.0,none,32,5071,5071,6795,0,4517
run_049,Foundry_Taiwan_A,Taiwan,Foundry,2021-10-10,10923,6479,0.563,natural_disaster (Active),90,5721,5721,298038,0,5243
run_049,IDM_USA_B,USA,IDM,2021-10-10,9191,3552,0.414,"natural_disaster (Recovery), trade_restrictions (Active)",41,10772,10772,98174,0,5967
run_049,OSAT_Malaysia_C,Malaysia,OSAT,2021-10-10,16311,16303,1.0,none,21,8387,8387,756158,0,7582
run_049,Foundry_Germany_D,Germany,Foundry,2021-10-10,8587,9028,1.0,none,32,7147,7147,8676,0,4517
run_049,Foundry_Taiwan_A,Taiwan,Foundry,2021-10-17,10923,6221,0.563,natural_disaster (Active),90,9871,9871,294388,0,5243
run_049,IDM_USA_B,USA,IDM,2021-10-17,9191,3239,0.345,"geopolitical_tension (Active), natural_disaster (Recovery), trade_restrictions (Active)",39,7350,7350,94063,0,5967
run_049,OSAT_Malaysia_C,Malaysia,OSAT,2021-10-17,16311,16313,1.0,none,20,9291,9291,763180,0,7582
run_049,Foundry_Germany_D,Germany,Foundry,2021-10-17,8587,9246,1.0,none,31,5284,5284,12638,0,4517
run_049,Foundry_Taiwan_A,Taiwan,Foundry,2021-10-24,10923,6346,0.563,natural_disaster (Active),90,6596,6596,294138,0,5243
run_049,IDM_USA_B,USA,IDM,2021-10-24,9191,1955,0.208,"geopolitical_tension (Active), natural_disaster (Active), natural_disaster (Recovery), trade_restrictions (Active)",59,5133,5133,90885,0,5967
run_049,OSAT_Malaysia_C,Malaysia,OSAT,2021-10-24,16311,15601,1.0,none,26,8204,8204,770577,0,7582
run_049,Foundry_Germany_D,Germany,Foundry,2021-10-24,8587,1776,0.204,natural_disaster (Active),67,8038,8038,6376,0,4517
run_049,Foundry_Taiwan_A,Taiwan,Foundry,2021-10-31,10923,5723,0.563,natural_disaster (Active),90,7902,7902,291959,0,5243
run_049,IDM_USA_B,USA,IDM,2021-10-31,9191,1863,0.205,"geopolitical_tension (Active), natural_disaster (Active), natural_disaster (Recovery), trade_restrictions (Active)",55,5657,5657,87091,0,5967
run_049,OSAT_Malaysia_C,Malaysia,OSAT,2021-10-31,16311,16754,1.0,none,22,8217,8217,779114,0,7582
run_049,Foundry_Germany_D,Germany,Foundry,2021-10-31,8587,1739,0.204,natural_disaster (Active),67,11017,8115,0,2902,4517
run_049,Foundry_Taiwan_A,Taiwan,Foundry,2021-11-07,10923,6021,0.563,natural_disaster (Active),90,7238,7238,290742,0,5243
run_049,IDM_USA_B,USA,IDM,2021-11-07,9191,2511,0.27,"geopolitical_tension (Active), geopolitical_tension (Recovery), natural_disaster (Active), natural_disaster (Recovery), trade_restrictions (Active)",57,10301,10301,79301,0,5967
run_049,OSAT_Malaysia_C,Malaysia,OSAT,2021-11-07,16311,16673,1.0,none,26,3702,3702,792085,0,7582
run_049,Foundry_Germany_D,Germany,Foundry,2021-11-07,8587,1766,0.204,natural_disaster (Active),65,6542,1766,0,4776,4517
run_049,Foundry_Taiwan_A,Taiwan,Foundry,2021-11-14,10923,6406,0.65,natural_disaster (Recovery),29,7353,7353,289795,0,5243
run_049,IDM_USA_B,USA,IDM,2021-11-14,9191,2038,0.232,"geopolitical_tension (Active), geopolitical_tension (Recovery), natural_disaster (Active), trade_restrictions (Active)",54,8741,8741,72598,0,5967
run_049,OSAT_Malaysia_C,Malaysia,OSAT,2021-11-14,16311,16180,1.0,none,22,11063,11063,797202,0,7582
run_049,Foundry_Germany_D,Germany,Foundry,2021-11-14,8587,3001,0.363,natural_disaster (Recovery),32,4776,3001,0,1775,4517
run_049,Foundry_Taiwan_A,Taiwan,Foundry,2021-11-21,10923,8334,0.738,natural_disaster (Recovery),30,5919,5919,292210,0,5243
run_049,IDM_USA_B,USA,IDM,2021-11-21,9191,2586,0.273,"geopolitical_tension (Active), natural_disaster (Recovery), trade_restrictions (Active)",42,5756,5756,69428,0,5967
run_049,OSAT_Malaysia_C,Malaysia,OSAT,2021-11-21,16311,16537,1.0,none,26,10231,10231,803508,0,7582
run_049,Foundry_Germany_D,Germany,Foundry,2021-11-21,8587,3479,0.409,"geopolitical_tension (Active), natural_disaster (Recovery)",42,7431,3479,0,3952,4517
run_049,Foundry_Taiwan_A,Taiwan,Foundry,2021-11-28,10923,8567,0.825,natural_disaster (Recovery),29,7062,7062,293715,0,5243
run_049,IDM_USA_B,USA,IDM,2021-11-28,9191,2707,0.313,"geopolitical_tension (Active), natural_disaster (Recovery), trade_restrictions (Active)",42,8233,8233,63902,0,5967
run_049,OSAT_Malaysia_C,Malaysia,OSAT,2021-11-28,16311,15977,1.0,none,23,6723,6723,812762,0,7582
run_049,Foundry_Germany_D,Germany,Foundry,2021-11-28,8587,4536,0.533,"geopolitical_tension (Active), natural_disaster (Recovery)",43,8900,4536,0,4364,4517
run_049,Foundry_Taiwan_A,Taiwan,Foundry,2021-12-05,10923,10049,0.913,natural_disaster (Recovery),27,10132,10132,293632,0,5243
run_049,IDM_USA_B,USA,IDM,2021-12-05,9191,3259,0.378,"geopolitical_tension (Active), geopolitical_tension (Recovery), natural_disaster (Recovery), trade_restrictions (Active)",40,9347,9347,57814,0,5967
run_049,OSAT_Malaysia_C,Malaysia,OSAT,2021-12-05,16311,15023,1.0,none,21,9092,9092,818693,0,7582
run_049,Foundry_Germany_D,Germany,Foundry,2021-12-05,8587,5545,0.658,"geopolitical_tension (Active), natural_disaster (Recovery)",42,5540,5540,5,0,4517
run_049,Foundry_Taiwan_A,Taiwan,Foundry,2021-12-12,10923,10360,1.0,natural_disaster (Recovery),28,7695,7695,296297,0,5243
run_049,IDM_USA_B,USA,IDM,2021-12-12,9191,4328,0.449,"geopolitical_tension (Active), geopolitical_tension (Recovery), natural_disaster (Recovery), trade_restrictions (Active)",41,12483,12483,49659,0,5967
run_049,OSAT_Malaysia_C,Malaysia,OSAT,2021-12-12,16311,15971,1.0,none,25,7809,7809,826855,0,7582
run_049,Foundry_Germany_D,Germany,Foundry,2021-12-12,8587,7664,0.891,"geopolitical_tension (Recovery), natural_disaster (Recovery)",35,6212,6212,1457,0,4517
run_049,Foundry_Taiwan_A,Taiwan,Foundry,2021-12-19,10923,11285,1.0,none,27,6454,6454,301128,0,5243
run_049,IDM_USA_B,USA,IDM,2021-12-19,9191,5105,0.576,"geopolitical_tension (Active), natural_disaster (Recovery), trade_restrictions (Recovery)",29,11403,11403,43361,0,5967
run_049,OSAT_Malaysia_C,Malaysia,OSAT,2021-12-19,16311,15811,1.0,none,29,7361,7361,835305,0,7582
run_049,Foundry_Germany_D,Germany,Foundry,2021-12-19,8587,8832,1.0,geopolitical_tension (Recovery),31,7898,7898,2391,0,4517
run_049,Foundry_Taiwan_A,Taiwan,Foundry,2021-12-26,10923,11124,1.0,none,34,6106,6106,306146,0,5243
run_049,IDM_USA_B,USA,IDM,2021-12-26,9191,5912,0.658,"geopolitical_tension (Active), trade_restrictions (Recovery)",27,7172,7172,42101,0,5967
run_049,OSAT_Malaysia_C,Malaysia,OSAT,2021-12-26,16311,16159,1.0,none,26,7940,7940,843524,0,7582
run_049,Foundry_Germany_D,Germany,Foundry,2021-12-26,8587,8594,1.0,none,32,8970,8970,2015,0,4517
run_049,Foundry_Taiwan_A,Taiwan,Foundry,2022-01-02,10923,11378,1.0,none,31,10169,10169,307355,0,5243
run_049,IDM_USA_B,USA,IDM,2022-01-02,9191,7873,0.869,"geopolitical_tension (Recovery), trade_restrictions (Recovery)",21,5604,5604,44370,0,5967
run_049,OSAT_Malaysia_C,Malaysia,OSAT,2022-01-02,16311,16041,1.0,none,25,6347,6347,853218,0,7582
run_049,Foundry_Germany_D,Germany,Foundry,2022-01-02,8587,8988,1.0,none,34,8675,8675,2328,0,4517
run_049,Foundry_Taiwan_A,Taiwan,Foundry,2022-01-09,10923,4951,0.49,pandemic_closure (Active),46,6280,6280,306026,0,5243
run_049,IDM_USA_B,USA,IDM,2022-01-09,9191,9504,1.0,geopolitical_tension (Recovery),24,3313,3313,50561,0,5967
run_049,OSAT_Malaysia_C,Malaysia,OSAT,2022-01-09,16311,16150,1.0,none,26,6681,6681,862687,0,7582
run_049,Foundry_Germany_D,Germany,Foundry,2022-01-09,8587,8038,1.0,none,34,6019,6019,4347,0,4517
run_049,Foundry_Taiwan_A,Taiwan,Foundry,2022-01-16,10923,5099,0.49,pandemic_closure (Active),50,6421,6421,304704,0,5243
run_049,IDM_USA_B,USA,IDM,2022-01-16,9191,9504,1.0,none,23,6794,6794,53271,0,5967
run_049,OSAT_Malaysia_C,Malaysia,OSAT,2022-01-16,16311,15751,1.0,none,23,7836,7836,870602,0,7582
run_049,Foundry_Germany_D,Germany,Foundry,2022-01-16,8587,8719,1.0,none,32,7695,7695,5371,0,4517
run_049,Foundry_Taiwan_A,Taiwan,Foundry,2022-01-23,10923,5387,0.49,pandemic_closure (Active),49,7790,7790,302301,0,5243
run_049,IDM_USA_B,USA,IDM,2022-01-23,9191,9494,1.0,none,24,8945,8945,53820,0,5967
run_049,OSAT_Malaysia_C,Malaysia,OSAT,2022-01-23,16311,16049,1.0,none,24,7707,7707,878944,0,7582
run_049,Foundry_Germany_D,Germany,Foundry,2022-01-23,8587,8793,1.0,none,32,4715,4715,9449,0,4517
run_049,Foundry_Taiwan_A,Taiwan,Foundry,2022-01-30,10923,5356,0.49,pandemic_closure (Active),48,8239,8239,299418,0,5243
run_049,IDM_USA_B,USA,IDM,2022-01-30,9191,9070,1.0,none,25,6558,6558,56332,0,5967
run_049,OSAT_Malaysia_C,Malaysia,OSAT,2022-01-30,16311,16190,1.0,none,23,5898,5898,889236,0,7582
run_049,Foundry_Germany_D,Germany,Foundry,2022-01-30,8587,8403,1.0,none,35,6654,6654,11198,0,4517
run_049,Foundry_Taiwan_A,Taiwan,Foundry,2022-02-06,10923,5328,0.49,pandemic_closure (Active),49,4805,4805,299941,0,5243
run_049,IDM_USA_B,USA,IDM,2022-02-06,9191,8992,1.0,none,19,6132,6132,59192,0,5967
run_049,OSAT_Malaysia_C,Malaysia,OSAT,2022-02-06,16311,15194,1.0,none,24,7351,7351,897079,0,7582
run_049,Foundry_Germany_D,Germany,Foundry,2022-02-06,8587,8743,1.0,none,31,10185,10185,9756,0,4517
run_049,Foundry_Taiwan_A,Taiwan,Foundry,2022-02-13,10923,5448,0.49,pandemic_closure (Active),47,6257,6257,299132,0,5243
run_049,IDM_USA_B,USA,IDM,2022-02-13,9191,8856,1.0,none,23,5079,5079,62969,0,5967
run_049,OSAT_Malaysia_C,Malaysia,OSAT,2022-02-13,16311,17027,1.0,none,21,5790,5790,908316,0,7582
run_049,Foundry_Germany_D,Germany,Foundry,2022-02-13,8587,8919,1.0,none,33,5569,5569,13106,0,4517
run_049,Foundry_Taiwan_A,Taiwan,Foundry,2022-02-20,10923,4993,0.49,pandemic_closure (Active),51,8886,8886,295239,0,5243
run_049,IDM_USA_B,USA,IDM,2022-02-20,9191,8714,1.0,none,24,6933,6933,64750,0,5967
run_049,OSAT_Malaysia_C,Malaysia,OSAT,2022-02-20,16311,15981,1.0,none,22,6807,6807,917490,0,7582
run_049,Foundry_Germany_D,Germany,Foundry,2022-02-20,8587,8850,1.0,none,29,9810,9810,12146,0,4517
run_049,Foundry_Taiwan_A,Taiwan,Foundry,2022-02-27,10923,5518,0.49,pandemic_closure (Active),47,9355,9355,291402,0,5243
run_049,IDM_USA_B,USA,IDM,2022-02-27,9191,8210,1.0,none,24,4556,4556,68404,0,5967
run_049,OSAT_Malaysia_C,Malaysia,OSAT,2022-02-27,16311,14625,1.0,none,21,8666,8666,923449,0,7582
run_049,Foundry_Germany_D,Germany,Foundry,2022-02-27,8587,8365,1.0,none,29,8785,8785,11726,0,4517
run_049,Foundry_Taiwan_A,Taiwan,Foundry,2022-03-06,10923,5209,0.49,pandemic_closure (Active),47,8989,8989,287622,0,5243
run_049,IDM_USA_B,USA,IDM,2022-03-06,9191,9449,1.0,none,23,8655,8655,69198,0,5967
run_049,OSAT_Malaysia_C,Malaysia,OSAT,2022-03-06,16311,16629,1.0,none,25,7334,7334,932744,0,7582
run_049,Foundry_Germany_D,Germany,Foundry,2022-03-06,8587,8540,1.0,none,36,7230,7230,13036,0,4517
run_049,Foundry_Taiwan_A,Taiwan,Foundry,2022-03-13,10923,6784,0.617,pandemic_closure (Recovery),32,8919,8919,285487,0,5243
run_049,IDM_USA_B,USA,IDM,2022-03-13,9191,9177,1.0,none,24,6026,6026,72349,0,5967
run_049,OSAT_Malaysia_C,Malaysia,OSAT,2022-03-13,16311,17093,1.0,none,23,5900,5900,943937,0,7582
run_049,Foundry_Germany_D,Germany,Foundry,2022-03-13,8587,6630,0.771,trade_restrictions (Active),59,8929,8929,10737,0,4517
run_049,Foundry_Taiwan_A,Taiwan,Foundry,2022-03-20,10923,8054,0.745,pandemic_closure (Recovery),33,6514,6514,287027,0,5243
run_049,IDM_USA_B,USA,IDM,2022-03-20,9191,8860,1.0,none,23,7621,7621,73588,0,5967
run_049,OSAT_Malaysia_C,Malaysia,OSAT,2022-03-20,16311,15662,1.0,none,26,8813,8813,950786,0,7582
run_049,Foundry_Germany_D,Germany,Foundry,2022-03-20,8587,6648,0.771,trade_restrictions (Active),67,8506,8506,8879,0,4517
run_049,Foundry_Taiwan_A,Taiwan,Foundry,2022-03-27,10923,9515,0.873,pandemic_closure (Recovery),33,4654,4654,291888,0,5243
run_049,IDM_USA_B,USA,IDM,2022-03-27,9191,9688,1.0,none,22,4950,4950,78326,0,5967
run_049,OSAT_Malaysia_C,Malaysia,OSAT,2022-03-27,16311,16853,1.0,none,25,8144,8144,959495,0,7582
run_049,Foundry_Germany_D,Germany,Foundry,2022-03-27,8587,6405,0.771,trade_restrictions (Active),63,8672,8672,6612,0,4517
run_049,Foundry_Taiwan_A,Taiwan,Foundry,2022-04-03,10923,10462,1.0,pandemic_closure (Recovery),33,5637,5637,296713,0,5243
run_049,IDM_USA_B,USA,IDM,2022-04-03,9191,9118,1.0,none,18,10698,10698,76746,0,5967
run_049,OSAT_Malaysia_C,Malaysia,OSAT,2022-04-03,16311,16467,1.0,none,25,5190,5190,970772,0,7582
run_049,Foundry_Germany_D,Germany,Foundry,2022-04-03,8587,6658,0.771,trade_restrictions (Active),62,6017,6017,7253,0,4517
run_049,Foundry_Taiwan_A,Taiwan,Foundry,2022-04-10,10923,10469,1.0,none,32,6671,6671,300511,0,5243
run_049,IDM_USA_B,USA,IDM,2022-04-10,9191,9601,1.0,none,28,8836,8836,77511,0,5967
run_049,OSAT_Malaysia_C,Malaysia,OSAT,2022-04-10,16311,15744,1.0,none,22,6131,6131,980385,0,7582
run_049,Foundry_Germany_D,Germany,Foundry,2022-04-10,8587,6506,0.771,trade_restrictions (Active),61,6179,6179,7580,0,4517
run_049,Foundry_Taiwan_A,Taiwan,Foundry,2022-04-17,10923,12248,1.0,none,29,4518,4518,308241,0,5243
run_049,IDM_USA_B,USA,IDM,2022-04-17,9191,9277,1.0,none,21,7389,7389,79399,0,5967
run_049,OSAT_Malaysia_C,Malaysia,OSAT,2022-04-17,16311,14735,1.0,none,28,10473,10473,984647,0,7582
run_049,Foundry_Germany_D,Germany,Foundry,2022-04-17,8587,6380,0.771,trade_restrictions (Active),61,10420,10420,3540,0,4517
run_049,Foundry_Taiwan_A,Taiwan,Foundry,2022-04-24,10923,11242,1.0,none,31,9265,9265,310218,0,5243
run_049,IDM_USA_B,USA,IDM,2022-04-24,9191,7832,0.865,geopolitical_tension (Active),33,5555,5555,81676,0,5967
run_049,OSAT_Malaysia_C,Malaysia,OSAT,2022-04-24,16311,16887,1.0,none,24,9904,9904,991630,0,7582
run_049,Foundry_Germany_D,Germany,Foundry,2022-04-24,8587,7617,0.847,trade_restrictions (Recovery),31,9211,9211,1946,0,4517
run_049,Foundry_Taiwan_A,Taiwan,Foundry,2022-05-01,10923,11022,1.0,none,33,9580,9580,311660,0,5243
run_049,IDM_USA_B,USA,IDM,2022-05-01,9191,8452,0.865,geopolitical_tension (Active),32,6173,6173,83955,0,5967
run_049,OSAT_Malaysia_C,Malaysia,OSAT,2022-05-01,16311,17436,1.0,none,27,7511,7511,1001555,0,7582
run_049,Foundry_Germany_D,Germany,Foundry,2022-05-01,8587,7984,0.924,trade_restrictions (Recovery),36,9838,9838,92,0,4517
run_049,Foundry_Taiwan_A,Taiwan,Foundry,2022-05-08,10923,11592,1.0,none,35,4688,4688,318564,0,5243
run_049,IDM_USA_B,USA,IDM,2022-05-08,9191,7398,0.865,geopolitical_tension (Active),32,3633,3633,87720,0,5967
run_049,OSAT_Malaysia_C,Malaysia,OSAT,2022-05-08,16311,16041,1.0,none,24,6654,6654,1010942,0,7582
run_049,Foundry_Germany_D,Germany,Foundry,2022-05-08,8587,8928,1.0,trade_restrictions (Recovery),35,9311,9020,0,291,4517
run_049,Foundry_Taiwan_A,Taiwan,Foundry,2022-05-15,10923,11488,1.0,none,29,9264,9264,320788,0,5243
run_049,IDM_USA_B,USA,IDM,2022-05-15,9191,8363,0.932,geopolitical_tension (Recovery),24,8446,8446,87637,0,5967
run_049,OSAT_Malaysia_C,Malaysia,OSAT,2022-05-15,16311,16935,1.0,logistics_bottleneck (Active),42,3458,3458,1024419,0,7582
run_049,Foundry_Germany_D,Germany,Foundry,2022-05-15,8587,9006,1.0,none,27,6001,6001,3005,0,4517
run_049,Foundry_Taiwan_A,Taiwan,Foundry,2022-05-22,10923,11390,1.0,none,29,6438,6438,325740,0,5243
run_049,IDM_USA_B,USA,IDM,2022-05-22,9191,9138,1.0,geopolitical_tension (Recovery),19,8412,8412,88363,0,5967
run_049,OSAT_Malaysia_C,Malaysia,OSAT,2022-05-22,16311,11632,0.672,"logistics_bottleneck (Active), trade_restrictions (Active)",44,10121,10121,1025930,0,7582
run_049,Foundry_Germany_D,Germany,Foundry,2022-05-22,8587,8753,1.0,none,37,8872,8872,2886,0,4517
run_049,Foundry_Taiwan_A,Taiwan,Foundry,2022-05-29,10923,10813,1.0,none,31,9055,9055,327498,0,5243
run_049,IDM_USA_B,USA,IDM,2022-05-29,9191,9390,1.0,none,22,8322,8322,89431,0,5967
run_049,OSAT_Malaysia_C,Malaysia,OSAT,2022-05-29,16311,10502,0.672,"logistics_bottleneck (Active), trade_restrictions (Active)",45,9356,9356,1027076,0,7582
run_049,Foundry_Germany_D,Germany,Foundry,2022-05-29,8587,8827,1.0,none,36,7523,7523,4190,0,4517
run_049,Foundry_Taiwan_A,Taiwan,Foundry,2022-06-05,10923,10768,1.0,none,31,7936,7936,330330,0,5243
run_049,IDM_USA_B,USA,IDM,2022-06-05,9191,9357,1.0,logistics_bottleneck (Active),43,8802,8802,89986,0,5967
run_049,OSAT_Malaysia_C,Malaysia,OSAT,2022-06-05,16311,10307,0.672,"logistics_bottleneck (Recovery), trade_restrictions (Active)",42,10473,10473,1026910,0,7582
run_049,Foundry_Germany_D,Germany,Foundry,2022-06-05,8587,8075,1.0,none,32,7872,7872,4393,0,4517
run_049,Foundry_Taiwan_A,Taiwan,Foundry,2022-06-12,10923,10490,1.0,none,30,6275,6275,334545,0,5243
run_049,IDM_USA_B,USA,IDM,2022-06-12,9191,8617,1.0,logistics_bottleneck (Active),48,6029,6029,92574,0,5967
run_049,OSAT_Malaysia_C,Malaysia,OSAT,2022-06-12,16311,13226,0.781,trade_restrictions (Recovery),23,7318,7318,1032818,0,7582
run_049,Foundry_Germany_D,Germany,Foundry,2022-06-12,8587,8301,1.0,none,32,10430,10430,2264,0,4517
run_049,Foundry_Taiwan_A,Taiwan,Foundry,2022-06-19,10923,11332,1.0,none,29,8561,8561,337316,0,5243
run_049,IDM_USA_B,USA,IDM,2022-06-19,9191,9000,1.0,logistics_bottleneck (Recovery),24,8135,8135,93439,0,5967
run_049,OSAT_Malaysia_C,Malaysia,OSAT,2022-06-19,16311,15026,0.891,trade_restrictions (Recovery),23,7659,7659,1040185,0,7582
run_049,Foundry_Germany_D,Germany,Foundry,2022-06-19,8587,8769,1.0,none,35,9460,9460,1573,0,4517
run_049,Foundry_Taiwan_A,Taiwan,Foundry,2022-06-26,10923,11011,1.0,none,29,5351,5351,342976,0,5243
run_049,IDM_USA_B,USA,IDM,2022-06-26,9191,7617,0.827,trade_restrictions (Active),34,9200,9200,91856,0,5967
run_049,OSAT_Malaysia_C,Malaysia,OSAT,2022-06-26,16311,16746,1.0,"logistics_bottleneck (Active), trade_restrictions (Recovery)",58,7238,7238,1049693,0,7582
run_049,Foundry_Germany_D,Germany,Foundry,2022-06-26,8587,8468,1.0,none,35,5646,5646,4395,0,4517
run_049,Foundry_Taiwan_A,Taiwan,Foundry,2022-07-03,10923,3035,0.292,pandemic_closure (Active),63,7378,7378,338633,0,5243
run_049,IDM_USA_B,USA,IDM,2022-07-03,9191,8012,0.827,trade_restrictions (Active),37,8081,8081,91787,0,5967
run_049,OSAT_Malaysia_C,Malaysia,OSAT,2022-07-03,16311,17038,1.0,logistics_bottleneck (Active),58,6786,6786,1059945,0,7582
run_049,Foundry_Germany_D,Germany,Foundry,2022-07-03,8587,8100,1.0,none,34,8328,8328,4167,0,4517
run_049,Foundry_Taiwan_A,Taiwan,Foundry,2022-07-10,10923,3262,0.292,pandemic_closure (Active),64,9872,9872,332023,0,5243
run_049,IDM_USA_B,USA,IDM,2022-07-10,9191,7572,0.827,trade_restrictions (Active),35,8263,8263,91096,0,5967
run_049,OSAT_Malaysia_C,Malaysia,OSAT,2022-07-10,16311,17218,1.0,logistics_bottleneck (Recovery),24,4322,4322,1072841,0,7582
run_049,Foundry_Germany_D,Germany,Foundry,2022-07-10,8587,8738,1.0,none,30,8955,8955,3950,0,4517
run_049,Foundry_Taiwan_A,Taiwan,Foundry,2022-07-17,10923,3207,0.292,pandemic_closure (Active),67,9741,9741,325489,0,5243
run_049,IDM_USA_B,USA,IDM,2022-07-17,9191,120,0.012,"natural_disaster (Active), trade_restrictions (Active)",48,8607,8607,82609,0,5967
run_049,OSAT_Malaysia_C,Malaysia,OSAT,2022-07-17,16311,17804,1.0,none,24,10571,10571,1080074,0,7582
run_049,Foundry_Germany_D,Germany,Foundry,2022-07-17,8587,8962,1.0,none,31,5548,5548,7364,0,4517
run_049,Foundry_Taiwan_A,Taiwan,Foundry,2022-07-24,10923,3305,0.292,pandemic_closure (Active),67,5162,5162,323632,0,5243
run_049,IDM_USA_B,USA,IDM,2022-07-24,9191,105,0.012,"natural_disaster (Active), trade_restrictions (Active)",52,8056,8056,74658,0,5967
run_049,OSAT_Malaysia_C,Malaysia,OSAT,2022-07-24,16311,15085,1.0,none,23,10394,10394,1084765,0,7582
run_049,Foundry_Germany_D,Germany,Foundry,2022-07-24,8587,8643,1.0,none,33,4654,4654,11353,0,4517
run_049,Foundry_Taiwan_A,Taiwan,Foundry,2022-07-31,10923,3326,0.292,pandemic_closure (Active),65,7944,7944,319014,0,5243
run_049,IDM_USA_B,USA,IDM,2022-07-31,9191,1655,0.175,"natural_disaster (Recovery), trade_restrictions (Active)",36,7232,7232,69081,0,5967
run_049,OSAT_Malaysia_C,Malaysia,OSAT,2022-07-31,16311,15983,1.0,none,21,6465,6465,1094283,0,7582
run_049,Foundry_Germany_D,Germany,Foundry,2022-07-31,8587,9032,1.0,none,33,11864,11864,8521,0,4517
run_049,Foundry_Taiwan_A,Taiwan,Foundry,2022-08-07,10923,3095,0.292,pandemic_closure (Active),67,11015,11015,311094,0,5243
run_049,IDM_USA_B,USA,IDM,2022-08-07,9191,2851,0.338,"natural_disaster (Recovery), trade_restrictions (Active)",33,4302,4302,67630,0,5967
run_049,OSAT_Malaysia_C,Malaysia,OSAT,2022-08-07,16311,6196,0.391,pandemic_closure (Active),38,3660,3660,1096819,0,7582
run_049,Foundry_Germany_D,Germany,Foundry,2022-08-07,8587,9352,1.0,none,32,6708,6708,11165,0,4517
run_049,Foundry_Taiwan_A,Taiwan,Foundry,2022-08-14,10923,5215,0.469,pandemic_closure (Recovery),31,6908,6908,309401,0,5243
run_049,IDM_USA_B,USA,IDM,2022-08-14,9191,4597,0.501,"natural_disaster (Recovery), trade_restrictions (Active)",31,6844,6844,65383,0,5967
run_049,OSAT_Malaysia_C,Malaysia,OSAT,2022-08-14,16311,6402,0.391,pandemic_closure (Active),42,7368,7368,1095853,0,7582
run_049,Foundry_Germany_D,Germany,Foundry,2022-08-14,8587,8603,1.0,none,35,5491,5491,14277,0,4517
run_049,Foundry_Taiwan_A,Taiwan,Foundry,2022-08-21,10923,7217,0.646,pandemic_closure (Recovery),29,5609,5609,311009,0,5243
run_049,IDM_USA_B,USA,IDM,2022-08-21,9191,2764,0.303,"natural_disaster (Active), natural_disaster (Recovery), trade_restrictions (Active)",90,4890,4890,63257,0,5967
run_049,OSAT_Malaysia_C,Malaysia,OSAT,2022-08-21,16311,6363,0.391,pandemic_closure (Active),40,9099,9099,1093117,0,7582
run_049,Foundry_Germany_D,Germany,Foundry,2022-08-21,8587,8674,1.0,none,33,7612,7612,15339,0,4517
run_049,Foundry_Taiwan_A,Taiwan,Foundry,2022-08-28,10923,8925,0.823,pandemic_closure (Recovery),33,6183,6183,313751,0,5243
run_049,IDM_USA_B,USA,IDM,2022-08-28,9191,3496,0.404,"natural_disaster (Active), natural_disaster (Recovery), trade_restrictions (Recovery)",88,9535,9535,57218,0,5967
run_049,OSAT_Malaysia_C,Malaysia,OSAT,2022-08-28,16311,6647,0.391,pandemic_closure (Active),37,8955,8955,1090809,0,7582
run_049,Foundry_Germany_D,Germany,Foundry,2022-08-28,8587,9306,1.0,none,32,11025,11025,13620,0,4517
run_049,Foundry_Taiwan_A,Taiwan,Foundry,2022-09-04,10923,10845,1.0,pandemic_closure (Recovery),33,6776,6776,317820,0,5243
run_049,IDM_USA_B,USA,IDM,2022-09-04,9191,4022,0.431,"natural_disaster (Active), trade_restrictions (Recovery)",90,8410,8410,52830,0,5967
run_049,OSAT_Malaysia_C,Malaysia,OSAT,2022-09-04,16311,8880,0.543,pandemic_closure (Recovery),24,8930,8930,1090759,0,7582
run_049,Foundry_Germany_D,Germany,Foundry,2022-09-04,8587,8788,1.0,none,36,8268,8268,14140,0,4517
run_049,Foundry_Taiwan_A,Taiwan,Foundry,2022-09-11,10923,10729,1.0,none,31,11744,11744,316805,0,5243
run_049,IDM_USA_B,USA,IDM,2022-09-11,9191,4066,0.457,"natural_disaster (Active), trade_restrictions (Recovery)",90,7163,7163,49733,0,5967
run_049,OSAT_Malaysia_C,Malaysia,OSAT,2022-09-11,16311,11543,0.696,pandemic_closure (Recovery),23,9908,9908,1092394,0,7582
run_049,Foundry_Germany_D,Germany,Foundry,2022-09-11,8587,5316,0.627,trade_restrictions (Active),47,10397,10397,9059,0,4517
run_049,Foundry_Taiwan_A,Taiwan,Foundry,2022-09-18,10923,10592,1.0,none,30,5372,5372,322025,0,5243
run_049,IDM_USA_B,USA,IDM,2022-09-18,9191,4306,0.457,natural_disaster (Active),90,5417,5417,48622,0,5967
run_049,OSAT_Malaysia_C,Malaysia,OSAT,2022-09-18,16311,14285,0.848,pandemic_closure (Recovery),26,8489,8489,1098190,0,7582
run_049,Foundry_Germany_D,Germany,Foundry,2022-09-18,8587,5599,0.627,trade_restrictions (Active),46,11072,11072,3586,0,4517
run_049,Foundry_Taiwan_A,Taiwan,Foundry,2022-09-25,10923,10159,1.0,none,31,10031,10031,322153,0,5243
run_049,IDM_USA_B,USA,IDM,2022-09-25,9191,4111,0.457,natural_disaster (Active),89,5306,5306,47427,0,5967
run_049,OSAT_Malaysia_C,Malaysia,OSAT,2022-09-25,16311,15612,1.0,pandemic_closure (Recovery),25,6634,6634,1107168,0,7582
run_049,Foundry_Germany_D,Germany,Foundry,2022-09-25,8587,5366,0.627,trade_restrictions (Active),49,8956,8952,0,4,4517
run_049,Foundry_Taiwan_A,Taiwan,Foundry,2022-10-02,10923,10408,1.0,none,35,7860,7860,324701,0,5243
run_049,IDM_USA_B,USA,IDM,2022-10-02,9191,4659,0.504,"geopolitical_tension (Active), natural_disaster (Recovery)",41,7199,7199,44887,0,5967
run_049,OSAT_Malaysia_C,Malaysia,OSAT,2022-10-02,16311,16216,1.0,none,27,10018,10018,1113366,0,7582
run_049,Foundry_Germany_D,Germany,Foundry,2022-10-02,8587,6409,0.751,trade_restrictions (Recovery),32,7062,6409,0,653,4517
run_049,Foundry_Taiwan_A,Taiwan,Foundry,2022-10-09,10923,10677,1.0,none,31,8713,8713,326665,0,5243
run_049,IDM_USA_B,USA,IDM,2022-10-09,9191,5704,0.601,"geopolitical_tension (Active), natural_disaster (Recovery)",41,6511,6511,44080,0,5967
run_049,OSAT_Malaysia_C,Malaysia,OSAT,2022-10-09,16311,7352,0.457,cyber_attack (Active),34,9377,9377,1111341,0,7582
run_049,Foundry_Germany_D,Germany,Foundry,2022-10-09,8587,7496,0.876,trade_restrictions (Recovery),30,7305,7305,191,0,4517
run_049,Foundry_Taiwan_A,Taiwan,Foundry,2022-10-16,10923,10503,1.0,none,31,6864,6864,330304,0,5243
run_049,IDM_USA_B,USA,IDM,2022-10-16,9191,6785,0.697,"geopolitical_tension (Active), natural_disaster (Recovery)",38,10267,10267,40598,0,5967
run_049,OSAT_Malaysia_C,Malaysia,OSAT,2022-10-16,16311,2824,0.165,"cyber_attack (Recovery), pandemic_closure (Active)",61,5530,5530,1108635,0,7582
run_049,Foundry_Germany_D,Germany,Foundry,2022-10-16,8587,6127,0.673,"trade_restrictions (Active), trade_restrictions (Recovery)",43,8601,6318,0,2283,4517
run_049,Foundry_Taiwan_A,Taiwan,Foundry,2022-10-23,10923,11141,1.0,none,31,8221,8221,333224,0,5243
run_049,IDM_USA_B,USA,IDM,2022-10-23,9191,7800,0.843,"geopolitical_tension (Recovery), logistics_bottleneck (Active), natural_disaster (Recovery)",48,9829,9829,38569,0,5967
run_049,OSAT_Malaysia_C,Malaysia,OSAT,2022-10-23,16311,2444,0.144,"cyber_attack (Recovery), pandemic_closure (Active), trade_restrictions (Active)",57,5472,5472,1105607,0,7582
run_049,Foundry_Germany_D,Germany,Foundry,2022-10-23,8587,6384,0.673,trade_restrictions (Active),44,5366,5366,1018,0,4517
run_049,Foundry_Taiwan_A,Taiwan,Foundry,2022-10-30,10923,11647,1.0,none,32,7640,7640,337231,0,5243
run_049,IDM_USA_B,USA,IDM,2022-10-30,9191,7346,0.745,"geopolitical_tension (Active), geopolitical_tension (Recovery), logistics_bottleneck (Active), natural_disaster (Recovery)",49,6716,6716,39199,0,5967
run_049,OSAT_Malaysia_C,Malaysia,OSAT,2022-10-30,16311,2213,0.144,"pandemic_closure (Active), trade_restrictions (Active)",59,6575,6575,1101245,0,7582
run_049,Foundry_Germany_D,Germany,Foundry,2022-10-30,8587,5643,0.673,trade_restrictions (Active),46,6919,6661,0,258,4517
run_049,Foundry_Taiwan_A,Taiwan,Foundry,2022-11-06,10923,11825,1.0,none,29,5565,5565,343491,0,5243
run_049,IDM_USA_B,USA,IDM,2022-11-06,9191,6874,0.745,"geopolitical_tension (Active), logistics_bottleneck (Active)",48,6369,6369,39704,0,5967
run_049,OSAT_Malaysia_C,Malaysia,OSAT,2022-11-06,16311,2275,0.144,"pandemic_closure (Active), trade_restrictions (Active)",62,5394,5394,1098126,0,7582
run_049,Foundry_Germany_D,Germany,Foundry,2022-11-06,8587,6091,0.673,trade_restrictions (Active),40,5471,5471,620,0,4517
run_049,Foundry_Taiwan_A,Taiwan,Foundry,2022-11-13,10923,10397,1.0,none,31,5526,5526,348362,0,5243
run_049,IDM_USA_B,USA,IDM,2022-11-13,9191,7028,0.745,"geopolitical_tension (Active), logistics_bottleneck (Recovery)",38,7787,7787,38945,0,5967
run_049,OSAT_Malaysia_C,Malaysia,OSAT,2022-11-13,16311,2256,0.144,"pandemic_closure (Active), trade_restrictions (Active)",59,6114,6114,1094268,0,7582
run_049,Foundry_Germany_D,Germany,Foundry,2022-11-13,8587,5742,0.673,trade_restrictions (Active),43,7491,6362,0,1129,4517
run_049,Foundry_Taiwan_A,Taiwan,Foundry,2022-11-20,10923,10593,1.0,none,32,10159,10159,348796,0,5243
run_049,IDM_USA_B,USA,IDM,2022-11-20,9191,6725,0.745,geopolitical_tension (Active),41,6063,6063,39607,0,5967
run_049,OSAT_Malaysia_C,Malaysia,OSAT,2022-11-20,16311,2243,0.144,"pandemic_closure (Active), trade_restrictions (Active)",58,8684,8684,1087827,0,7582
run_049,Foundry_Germany_D,Germany,Foundry,2022-11-20,8587,6537,0.782,trade_restrictions (Recovery),30,6154,6154,383,0,4517
run_049,Foundry_Taiwan_A,Taiwan,Foundry,2022-11-27,10923,9859,1.0,none,32,7281,7281,351374,0,5243
run_049,IDM_USA_B,USA,IDM,2022-11-27,9191,6818,0.745,geopolitical_tension (Active),39,5001,5001,41424,0,5967
run_049,OSAT_Malaysia_C,Malaysia,OSAT,2022-11-27,16311,142,0.009,"logistics_bottleneck (Active), natural_disaster (Active), pandemic_closure (Active), trade_restrictions (Recovery)",73,5632,5632,1082337,0,7582
run_049,Foundry_Germany_D,Germany,Foundry,2022-11-27,8587,2488,0.289,"logistics_bottleneck (Active), pandemic_closure (Active), trade_restrictions (Recovery)",90,6146,2871,0,3275,4517
run_049,Foundry_Taiwan_A,Taiwan,Foundry,2022-12-04,10923,10875,1.0,logistics_bottleneck (Active),66,7608,7608,354641,0,5243
run_049,IDM_USA_B,USA,IDM,2022-12-04,9191,7846,0.873,geopolitical_tension (Recovery),23,3969,3969,45301,0,5967
run_049,OSAT_Malaysia_C,Malaysia,OSAT,2022-12-04,16311,163,0.01,"logistics_bottleneck (Active), natural_disaster (Active), pandemic_closure (Active), trade_restrictions (Recovery)",74,9458,9458,1073042,0,7582
run_049,Foundry_Germany_D,Germany,Foundry,2022-12-04,8587,2559,0.286,"geopolitical_tension (Active), logistics_bottleneck (Active), pandemic_closure (Active), trade_restrictions (Recovery)",90,4793,2559,0,2234,4517
run_049,Foundry_Taiwan_A,Taiwan,Foundry,2022-12-11,10923,11329,1.0,logistics_bottleneck (Active),67,7024,7024,358946,0,5243
run_049,IDM_USA_B,USA,IDM,2022-12-11,9191,8764,1.0,geopolitical_tension (Recovery),23,5280,5280,48785,0,5967
run_049,OSAT_Malaysia_C,Malaysia,OSAT,2022-12-11,16311,790,0.054,"logistics_bottleneck (Active), natural_disaster (Recovery), pandemic_closure (Active), trade_restrictions (Recovery)",57,6537,6537,1067295,0,7582
run_049,Foundry_Germany_D,Germany,Foundry,2022-12-11,8587,2495,0.286,"geopolitical_tension (Active), logistics_bottleneck (Active), pandemic_closure (Active)",90,5246,2495,0,2751,4517
run_049,Foundry_Taiwan_A,Taiwan,Foundry,2022-12-18,10923,11096,1.0,logistics_bottleneck (Recovery),30,8598,8598,361444,0,5243
run_049,IDM_USA_B,USA,IDM,2022-12-18,9191,6625,0.761,trade_restrictions (Active),29,9201,9201,46209,0,5967
run_049,OSAT_Malaysia_C,Malaysia,OSAT,2022-12-18,16311,1597,0.097,"logistics_bottleneck (Active), natural_disaster (Recovery), pandemic_closure (Active)",60,8761,8761,1060131,0,7582
run_049,Foundry_Germany_D,Germany,Foundry,2022-12-18,8587,2406,0.286,"geopolitical_tension (Active), logistics_bottleneck (Active), pandemic_closure (Active)",90,9998,2406,0,7592,4517
run_049,Foundry_Taiwan_A,Taiwan,Foundry,2022-12-25,10923,8835,0.798,geopolitical_tension (Active),40,6286,6286,363993,0,5243
run_049,IDM_USA_B,USA,IDM,2022-12-25,9191,6852,0.761,trade_restrictions (Active),31,6945,6945,46116,0,5967
run_049,OSAT_Malaysia_C,Malaysia,OSAT,2022-12-25,16311,2399,0.14,"logistics_bottleneck (Recovery), natural_disaster (Recovery), pandemic_closure (Active)",63,6948,6948,1055582,0,7582
run_049,Foundry_Germany_D,Germany,Foundry,2022-12-25,8587,2466,0.286,"geopolitical_tension (Active), logistics_bottleneck (Recovery), pandemic_closure (Active)",90,7915,2466,0,5449,4517
run_049,Foundry_Taiwan_A,Taiwan,Foundry,2023-01-01,10923,8606,0.798,geopolitical_tension (Active),38,8556,8556,364043,0,5243
run_049,IDM_USA_B,USA,IDM,2023-01-01,9191,6956,0.761,"logistics_bottleneck (Active), trade_restrictions (Active)",55,5227,5227,47845,0,5967
run_049,OSAT_Malaysia_C,Malaysia,OSAT,2023-01-01,16311,5307,0.34,"natural_disaster (Recovery), pandemic_closure (Recovery)",29,7905,7905,1052984,0,7582
run_049,Foundry_Germany_D,Germany,Foundry,2023-01-01,8587,2457,0.286,"geopolitical_tension (Active), pandemic_closure (Active)",90,6423,2457,0,3966,4517
run_049,Foundry_Taiwan_A,Taiwan,Foundry,2023-01-08,10923,8437,0.798,geopolitical_tension (Active),38,6474,6474,366006,0,5243
run_049,IDM_USA_B,USA,IDM,2023-01-08,9191,6812,0.761,"logistics_bottleneck (Recovery), trade_restrictions (Active)",36,7166,7166,47491,0,5967
run_049,OSAT_Malaysia_C,Malaysia,OSAT,2023-01-08,16311,9746,0.613,"natural_disaster (Recovery), pandemic_closure (Recovery)",21,6234,6234,1056496,0,7582
run_049,Foundry_Germany_D,Germany,Foundry,2023-01-08,8587,2677,0.305,"geopolitical_tension (Recovery), pandemic_closure (Active)",90,11969,2677,0,9292,4517
run_049,Foundry_Taiwan_A,Taiwan,Foundry,2023-01-15,10923,8411,0.798,geopolitical_tension (Active),36,7323,7323,367094,0,5243
run_049,IDM_USA_B,USA,IDM,2023-01-15,9191,2446,0.243,"natural_disaster (Active), trade_restrictions (Active)",37,5899,5899,44038,0,5967
run_049,OSAT_Malaysia_C,Malaysia,OSAT,2023-01-15,16311,4579,0.293,"pandemic_closure (Active), pandemic_closure (Recovery)",70,5472,5472,1055603,0,7582
run_049,Foundry_Germany_D,Germany,Foundry,2023-01-15,8587,2643,0.324,"geopolitical_tension (Recovery), pandemic_closure (Active)",90,9063,2643,0,6420,4517
run_049,Foundry_Taiwan_A,Taiwan,Foundry,2023-01-22,10923,9394,0.798,geopolitical_tension (Active),35,5643,5643,370845,0,5243
run_049,IDM_USA_B,USA,IDM,2023-01-22,9191,2132,0.243,"natural_disaster (Active), trade_restrictions (Active)",35,8324,8324,37846,0,5967
run_049,OSAT_Malaysia_C,Malaysia,OSAT,2023-01-22,16311,5897,0.363,"pandemic_closure (Active), pandemic_closure (Recovery)",71,5953,5953,1055547,0,7582
run_049,Foundry_Germany_D,Germany,Foundry,2023-01-22,8587,2845,0.324,pandemic_closure (Active),90,5344,2845,0,2499,4517
run_049,Foundry_Taiwan_A,Taiwan,Foundry,2023-01-29,10923,8183,0.798,geopolitical_tension (Active),40,7429,7429,371599,0,5243
run_049,IDM_USA_B,USA,IDM,2023-01-29,9191,2267,0.243,"natural_disaster (Active), trade_restrictions (Active)",34,8301,8301,31812,0,5967
run_049,OSAT_Malaysia_C,Malaysia,OSAT,2023-01-29,16311,5953,0.363,pandemic_closure (Active),73,5983,5983,1055517,0,7582
run_049,Foundry_Germany_D,Germany,Foundry,2023-01-29,8587,4208,0.493,pandemic_closure (Recovery),30,8122,4208,0,3914,4517
run_049,Foundry_Taiwan_A,Taiwan,Foundry,2023-02-05,10923,8645,0.798,geopolitical_tension (Active),41,8645,8645,371599,0,5243
run_049,IDM_USA_B,USA,IDM,2023-02-05,9191,3634,0.383,"natural_disaster (Recovery), trade_restrictions (Recovery)",25,9269,9269,26177,0,5967
run_049,OSAT_Malaysia_C,Malaysia,OSAT,2023-02-05,16311,5972,0.363,pandemic_closure (Active),71,4319,4319,1057170,0,7582
run_049,Foundry_Germany_D,Germany,Foundry,2023-02-05,8587,5891,0.662,pandemic_closure (Recovery),36,6995,5891,0,1104,4517
run_049,Foundry_Taiwan_A,Taiwan,Foundry,2023-02-12,10923,9715,0.899,geopolitical_tension (Recovery),30,11894,11894,369420,0,5243
run_049,IDM_USA_B,USA,IDM,2023-02-12,9191,724,0.082,"cyber_attack (Active), natural_disaster (Recovery), trade_restrictions (Recovery)",33,7787,7787,19114,0,5967
run_049,OSAT_Malaysia_C,Malaysia,OSAT,2023-02-12,16311,8283,0.522,pandemic_closure (Recovery),25,8702,8702,1056751,0,7582
run_049,Foundry_Germany_D,Germany,Foundry,2023-02-12,8587,7065,0.831,pandemic_closure (Recovery),31,5776,5776,1289,0,4517
run_049,Foundry_Taiwan_A,Taiwan,Foundry,2023-02-19,10923,10314,1.0,geopolitical_tension (Recovery),33,6255,6255,373479,0,5243
run_049,IDM_USA_B,USA,IDM,2023-02-19,9191,4229,0.418,"cyber_attack (Recovery), natural_disaster (Recovery), trade_restrictions (Recovery)",23,5513,5513,17830,0,5967
run_049,OSAT_Malaysia_C,Malaysia,OSAT,2023-02-19,16311,11232,0.681,pandemic_closure (Recovery),26,8820,8820,1059163,0,7582
run_049,Foundry_Germany_D,Germany,Foundry,2023-02-19,8587,8433,1.0,pandemic_closure (Recovery),30,6427,6427,3295,0,4517
run_049,Foundry_Taiwan_A,Taiwan,Foundry,2023-02-26,10923,11011,1.0,none,30,11971,11971,372519,0,5243
run_049,IDM_USA_B,USA,IDM,2023-02-26,9191,7598,0.864,"cyber_attack (Recovery), natural_disaster (Recovery)",20,4000,4000,21428,0,5967
run_049,OSAT_Malaysia_C,Malaysia,OSAT,2023-02-26,16311,15192,0.841,"logistics_bottleneck (Active), pandemic_closure (Recovery)",36,7578,7578,1066777,0,7582
run_049,Foundry_Germany_D,Germany,Foundry,2023-02-26,8587,9171,1.0,none,33,9472,9472,2994,0,4517
run_049,Foundry_Taiwan_A,Taiwan,Foundry,2023-03-05,10923,9496,1.0,none,30,4785,4785,377230,0,5243
run_049,IDM_USA_B,USA,IDM,2023-03-05,9191,9504,1.0,natural_disaster (Recovery),19,9660,9660,21272,0,5967
run_049,OSAT_Malaysia_C,Malaysia,OSAT,2023-03-05,16311,16852,1.0,"logistics_bottleneck (Active), pandemic_closure (Recovery)",43,6176,6176,1077453,0,7582
run_049,Foundry_Germany_D,Germany,Foundry,2023-03-05,8587,4195,0.527,pandemic_closure (Active),72,8668,7189,0,1479,4517
run_049,Foundry_Taiwan_A,Taiwan,Foundry,2023-03-12,10923,11075,1.0,none,27,8143,8143,380162,0,5243
run_049,IDM_USA_B,USA,IDM,2023-03-12,9191,10048,1.0,logistics_bottleneck (Active),56,6632,6632,24688,0,5967
run_049,OSAT_Malaysia_C,Malaysia,OSAT,2023-03-12,16311,16362,1.0,logistics_bottleneck (Recovery),25,5693,5693,1088122,0,7582
run_049,Foundry_Germany_D,Germany,Foundry,2023-03-12,8587,4404,0.527,pandemic_closure (Active),68,9687,4404,0,5283,4517
run_049,Foundry_Taiwan_A,Taiwan,Foundry,2023-03-19,10923,10407,1.0,logistics_bottleneck (Active),77,6523,6523,384046,0,5243
run_049,IDM_USA_B,USA,IDM,2023-03-19,9191,9221,1.0,logistics_bottleneck (Active),54,8365,8365,25544,0,5967
run_049,OSAT_Malaysia_C,Malaysia,OSAT,2023-03-19,16311,16104,1.0,none,23,7182,7182,1097044,0,7582
run_049,Foundry_Germany_D,Germany,Foundry,2023-03-19,8587,4501,0.527,pandemic_closure (Active),71,8444,4501,0,3943,4517
run_049,Foundry_Taiwan_A,Taiwan,Foundry,2023-03-26,10923,10669,1.0,logistics_bottleneck (Active),78,7097,7097,387618,0,5243
run_049,IDM_USA_B,USA,IDM,2023-03-26,9191,9130,1.0,logistics_bottleneck (Active),55,6666,6666,28008,0,5967
run_049,OSAT_Malaysia_C,Malaysia,OSAT,2023-03-26,16311,15758,1.0,none,26,4721,4721,1108081,0,7582
run_049,Foundry_Germany_D,Germany,Foundry,2023-03-26,8587,4334,0.527,pandemic_closure (Active),71,12058,4334,0,7724,4517
run_049,Foundry_Taiwan_A,Taiwan,Foundry,2023-04-02,10923,8311,0.711,"geopolitical_tension (Active), logistics_bottleneck (Active)",80,4575,4575,391354,0,5243
run_049,IDM_USA_B,USA,IDM,2023-04-02,9191,8736,1.0,logistics_bottleneck (Active),57,4622,4622,32122,0,5967
run_049,OSAT_Malaysia_C,Malaysia,OSAT,2023-04-02,16311,15892,1.0,none,24,9870,9870,1114103,0,7582
run_049,Foundry_Germany_D,Germany,Foundry,2023-04-02,8587,4486,0.527,pandemic_closure (Active),69,9728,4486,0,5242,4517
run_049,Foundry_Taiwan_A,Taiwan,Foundry,2023-04-09,10923,8002,0.711,"geopolitical_tension (Active), logistics_bottleneck (Active)",73,8011,8011,391345,0,5243
run_049,IDM_USA_B,USA,IDM,2023-04-09,9191,9516,1.0,logistics_bottleneck (Recovery),26,4445,4445,37193,0,5967
run_049,OSAT_Malaysia_C,Malaysia,OSAT,2023-04-09,16311,7886,0.512,pandemic_closure (Active),43,9659,9659,1112330,0,7582
run_049,Foundry_Germany_D,Germany,Foundry,2023-04-09,8587,5625,0.645,pandemic_closure (Recovery),30,11075,5625,0,5450,4517
run_049,Foundry_Taiwan_A,Taiwan,Foundry,2023-04-16,10923,8313,0.711,"geopolitical_tension (Active), logistics_bottleneck (Recovery)",52,6498,6498,393160,0,5243
run_049,IDM_USA_B,USA,IDM,2023-04-16,9191,9327,1.0,none,19,12031,12031,34489,0,5967
run_049,OSAT_Malaysia_C,Malaysia,OSAT,2023-04-16,16311,8186,0.512,pandemic_closure (Active),41,5646,5646,1114870,0,7582
run_049,Foundry_Germany_D,Germany,Foundry,2023-04-16,8587,6226,0.764,pandemic_closure (Recovery),34,9388,6226,0,3162,4517
run_049,Foundry_Taiwan_A,Taiwan,Foundry,2023-04-23,10923,7259,0.711,geopolitical_tension (Active),58,10721,10721,389698,0,5243
run_049,IDM_USA_B,USA,IDM,2023-04-23,9191,8182,0.874,geopolitical_tension (Active),30,5422,5422,37249,0,5967
run_049,OSAT_Malaysia_C,Malaysia,OSAT,2023-04-23,16311,8835,0.512,pandemic_closure (Active),44,8147,8147,1115558,0,7582
run_049,Foundry_Germany_D,Germany,Foundry,2023-04-23,8587,7270,0.882,pandemic_closure (Recovery),35,8159,7270,0,889,4517
run_049,Foundry_Taiwan_A,Taiwan,Foundry,2023-04-30,10923,2758,0.257,"geopolitical_tension (Active), natural_disaster (Active), trade_restrictions (Active)",90,5951,5951,386505,0,5243
run_049,IDM_USA_B,USA,IDM,2023-04-30,9191,8144,0.874,geopolitical_tension (Active),33,6536,6536,38857,0,5967
run_049,OSAT_Malaysia_C,Malaysia,OSAT,2023-04-30,16311,8195,0.512,pandemic_closure (Active),39,8022,8022,1115731,0,7582
run_049,Foundry_Germany_D,Germany,Foundry,2023-04-30,8587,8781,1.0,"logistics_bottleneck (Active), pandemic_closure (Recovery)",68,7600,7600,1181,0,4517
run_049,Foundry_Taiwan_A,Taiwan,Foundry,2023-05-07,10923,2945,0.257,"geopolitical_tension (Active), natural_disaster (Active), trade_restrictions (Active)",90,4878,4878,384572,0,5243
run_049,IDM_USA_B,USA,IDM,2023-05-07,9191,8635,0.937,geopolitical_tension (Recovery),26,8666,8666,38826,0,5967
run_049,OSAT_Malaysia_C,Malaysia,OSAT,2023-05-07,16311,10397,0.634,pandemic_closure (Recovery),27,8086,8086,1118042,0,7582
run_049,Foundry_Germany_D,Germany,Foundry,2023-05-07,8587,8990,1.0,logistics_bottleneck (Recovery),32,7904,7904,2267,0,4517
run_049,Foundry_Taiwan_A,Taiwan,Foundry,2023-05-14,10923,3293,0.304,"geopolitical_tension (Active), geopolitical_tension (Recovery), natural_disaster (Recovery), trade_restrictions (Active)",59,4493,4493,383372,0,5243
run_049,IDM_USA_B,USA,IDM,2023-05-14,9191,9661,1.0,geopolitical_tension (Recovery),19,6521,6521,41966,0,5967
run_049,OSAT_Malaysia_C,Malaysia,OSAT,2023-05-14,16311,12339,0.756,pandemic_closure (Recovery),24,5513,5513,1124868,0,7582
run_049,Foundry_Germany_D,Germany,Foundry,2023-05-14,8587,8628,1.0,none,32,8082,8082,2813,0,4517
run_049,Foundry_Taiwan_A,Taiwan,Foundry,2023-05-21,10923,3110,0.318,"geopolitical_tension (Active), geopolitical_tension (Recovery), natural_disaster (Recovery), trade_restrictions (Active)",61,7851,7851,378631,0,5243
run_049,IDM_USA_B,USA,IDM,2023-05-21,9191,8601,1.0,none,25,5318,5318,45249,0,5967
run_049,OSAT_Malaysia_C,Malaysia,OSAT,2023-05-21,16311,14006,0.878,pandemic_closure (Recovery),26,5071,5071,1133803,0,7582
run_049,Foundry_Germany_D,Germany,Foundry,2023-05-21,8587,4879,0.56,pandemic_closure (Active),62,9252,7692,0,1560,4517
run_049,Foundry_Taiwan_A,Taiwan,Foundry,2023-05-28,10923,3899,0.353,"geopolitical_tension (Active), natural_disaster (Recovery), trade_restrictions (Active)",64,8260,8260,374270,0,5243
run_049,IDM_USA_B,USA,IDM,2023-05-28,9191,9232,1.0,none,23,9543,9543,44938,0,5967
run_049,OSAT_Malaysia_C,Malaysia,OSAT,2023-05-28,16311,16255,1.0,pandemic_closure (Recovery),26,6631,6631,1143427,0,7582
run_049,Foundry_Germany_D,Germany,Foundry,2023-05-28,8587,5281,0.56,pandemic_closure (Active),63,11619,5281,0,6338,4517
run_049,Foundry_Taiwan_A,Taiwan,Foundry,2023-06-04,10923,4208,0.388,"geopolitical_tension (Active), natural_disaster (Recovery), trade_restrictions (Active)",61,5042,5042,373436,0,5243
run_049,IDM_USA_B,USA,IDM,2023-06-04,9191,9807,1.0,none,24,10530,10530,44215,0,5967
run_049,OSAT_Malaysia_C,Malaysia,OSAT,2023-06-04,16311,16483,1.0,none,26,5481,5481,1154429,0,7582
run_049,Foundry_Germany_D,Germany,Foundry,2023-06-04,8587,4547,0.56,pandemic_closure (Active),60,7679,4547,0,3132,4517
run_049,Foundry_Taiwan_A,Taiwan,Foundry,2023-06-11,10923,2146,0.19,"cyber_attack (Active), geopolitical_tension (Active), natural_disaster (Recovery), trade_restrictions (Active)",62,10178,10178,365404,0,5243
run_049,IDM_USA_B,USA,IDM,2023-06-11,9191,9250,1.0,none,19,6166,6166,47299,0,5967
run_049,OSAT_Malaysia_C,Malaysia,OSAT,2023-06-11,16311,17158,1.0,none,26,6989,6989,1164598,0,7582
run_049,Foundry_Germany_D,Germany,Foundry,2023-06-11,8587,5067,0.56,pandemic_closure (Active),61,8112,5067,0,3045,4517
run_049,Foundry_Taiwan_A,Taiwan,Foundry,2023-06-18,10923,2545,0.23,"cyber_attack (Active), geopolitical_tension (Active), trade_restrictions (Recovery)",52,5670,5670,362279,0,5243
run_049,IDM_USA_B,USA,IDM,2023-06-18,9191,9285,1.0,none,20,6341,6341,50243,0,5967
run_049,OSAT_Malaysia_C,Malaysia,OSAT,2023-06-18,16311,16415,1.0,none,22,3228,3228,1177785,0,7582
run_049,Foundry_Germany_D,Germany,Foundry,2023-06-18,8587,4941,0.56,pandemic_closure (Active),64,5377,4941,0,436,4517
run_049,Foundry_Taiwan_A,Taiwan,Foundry,2023-06-25,10923,3082,0.291,"cyber_attack (Active), geopolitical_tension (Active), geopolitical_tension (Recovery), logistics_bottleneck (Active), trade_restrictions (Recovery)",73,5541,5541,359820,0,5243
run_049,IDM_USA_B,USA,IDM,2023-06-25,9191,9210,1.0,none,22,8532,8532,50921,0,5967
run_049,OSAT_Malaysia_C,Malaysia,OSAT,2023-06-25,16311,17181,1.0,none,25,4158,4158,1190808,0,7582
run_049,Foundry_Germany_D,Germany,Foundry,2023-06-25,8587,4972,0.56,pandemic_closure (Active),65,6318,4972,0,1346,4517
run_049,Foundry_Taiwan_A,Taiwan,Foundry,2023-07-02,10923,7054,0.651,"cyber_attack (Recovery), geopolitical_tension (Recovery), logistics_bottleneck (Active), trade_restrictions (Recovery)",78,6413,6413,360461,0,5243
run_049,IDM_USA_B,USA,IDM,2023-07-02,9191,9773,1.0,none,22,4078,4078,56616,0,5967
run_049,OSAT_Malaysia_C,Malaysia,OSAT,2023-07-02,16311,15946,1.0,none,20,8217,8217,1198537,0,7582
run_049,Foundry_Germany_D,Germany,Foundry,2023-07-02,8587,4629,0.56,pandemic_closure (Active),59,7549,4629,0,2920,4517
run_049,Foundry_Taiwan_A,Taiwan,Foundry,2023-07-09,10923,10484,1.0,"cyber_attack (Recovery), geopolitical_tension (Recovery), logistics_bottleneck (Active)",77,8309,8309,362636,0,5243
run_049,IDM_USA_B,USA,IDM,2023-07-09,9191,9531,1.0,none,26,11030,11030,55117,0,5967
run_049,OSAT_Malaysia_C,Malaysia,OSAT,2023-07-09,16311,16551,1.0,none,21,12954,12954,1202134,0,7582
run_049,Foundry_Germany_D,Germany,Foundry,2023-07-09,8587,4754,0.56,pandemic_closure (Active),64,8089,4754,0,3335,4517
run_049,Foundry_Taiwan_A,Taiwan,Foundry,2023-07-16,10923,11466,1.0,logistics_bottleneck (Recovery),32,6107,6107,367995,0,5243
run_049,IDM_USA_B,USA,IDM,2023-07-16,9191,8796,1.0,none,21,7282,7282,56631,0,5967
run_049,OSAT_Malaysia_C,Malaysia,OSAT,2023-07-16,16311,15946,1.0,none,24,5715,5715,1212365,0,7582
run_049,Foundry_Germany_D,Germany,Foundry,2023-07-16,8587,4836,0.56,pandemic_closure (Active),64,6139,4836,0,1303,4517
run_049,Foundry_Taiwan_A,Taiwan,Foundry,2023-07-23,10923,1181,0.112,cyber_attack (Active),45,7567,7567,361609,0,5243
run_049,IDM_USA_B,USA,IDM,2023-07-23,9191,9423,1.0,none,24,9656,9656,56398,0,5967
run_049,OSAT_Malaysia_C,Malaysia,OSAT,2023-07-23,16311,17037,1.0,none,26,6692,6692,1222710,0,7582
run_049,Foundry_Germany_D,Germany,Foundry,2023-07-23,8587,5545,0.67,pandemic_closure (Recovery),30,6654,5545,0,1109,4517
run_049,Foundry_Taiwan_A,Taiwan,Foundry,2023-07-30,10923,1121,0.112,cyber_attack (Active),44,6832,6832,355898,0,5243
run_049,IDM_USA_B,USA,IDM,2023-07-30,9191,8565,1.0,none,22,8743,8743,56220,0,5967
run_049,OSAT_Malaysia_C,Malaysia,OSAT,2023-07-30,16311,16641,1.0,none,21,4592,4592,1234759,0,7582
run_049,Foundry_Germany_D,Germany,Foundry,2023-07-30,8587,6612,0.78,pandemic_closure (Recovery),32,8364,6612,0,1752,4517
run_049,Foundry_Taiwan_A,Taiwan,Foundry,2023-08-06,10923,5968,0.556,cyber_attack (Recovery),29,8243,8243,353623,0,5243
run_049,IDM_USA_B,USA,IDM,2023-08-06,9191,6812,0.749,trade_restrictions (Active),44,5413,5413,57619,0,5967
run_049,OSAT_Malaysia_C,Malaysia,OSAT,2023-08-06,16311,16482,1.0,none,25,5639,5639,1245602,0,7582
run_049,Foundry_Germany_D,Germany,Foundry,2023-08-06,8587,7605,0.89,pandemic_closure (Recovery),34,9509,7605,0,1904,4517
run_049,Foundry_Taiwan_A,Taiwan,Foundry,2023-08-13,10923,8367,0.797,"cyber_attack (Recovery), geopolitical_tension (Active)",48,10276,10276,351714,0,5243
run_049,IDM_USA_B,USA,IDM,2023-08-13,9191,6885,0.749,trade_restrictions (Active),43,7538,7538,56966,0,5967
run_049,OSAT_Malaysia_C,Malaysia,OSAT,2023-08-13,16311,17584,1.0,none,25,8312,8312,1254874,0,7582
run_049,Foundry_Germany_D,Germany,Foundry,2023-08-13,8587,8677,1.0,pandemic_closure (Recovery),30,4522,4522,4155,0,4517
run_049,Foundry_Taiwan_A,Taiwan,Foundry,2023-08-20,10923,8476,0.797,geopolitical_tension (Active),49,6742,6742,353448,0,5243
run_049,IDM_USA_B,USA,IDM,2023-08-20,9191,6883,0.749,trade_restrictions (Active),46,4683,4683,59166,0,5967
run_049,OSAT_Malaysia_C,Malaysia,OSAT,2023-08-20,16311,17109,1.0,none,22,9815,9815,1262168,0,7582
run_049,Foundry_Germany_D,Germany,Foundry,2023-08-20,8587,8296,1.0,none,35,6902,6902,5549,0,4517
run_049,Foundry_Taiwan_A,Taiwan,Foundry,2023-08-27,10923,8943,0.797,geopolitical_tension (Active),51,7231,7231,355160,0,5243
run_049,IDM_USA_B,USA,IDM,2023-08-27,9191,6986,0.749,trade_restrictions (Active),42,5039,5039,61113,0,5967
run_049,OSAT_Malaysia_C,Malaysia,OSAT,2023-08-27,16311,15847,1.0,none,25,8111,8111,1269904,0,7582
run_049,Foundry_Germany_D,Germany,Foundry,2023-08-27,8587,8988,1.0,none,31,9178,9178,5359,0,4517
run_049,Foundry_Taiwan_A,Taiwan,Foundry,2023-09-03,10923,7231,0.64,geopolitical_tension (Active),53,10244,10244,352147,0,5243
run_049,IDM_USA_B,USA,IDM,2023-09-03,9191,6820,0.749,trade_restrictions (Active),44,6147,6147,61786,0,5967
run_049,OSAT_Malaysia_C,Malaysia,OSAT,2023-09-03,16311,16435,1.0,none,25,7741,7741,1278598,0,7582
run_049,Foundry_Germany_D,Germany,Foundry,2023-09-03,8587,9131,1.0,none,31,6679,6679,7811,0,4517
run_049,Foundry_Taiwan_A,Taiwan,Foundry,2023-09-10,10923,7058,0.64,geopolitical_tension (Active),52,7550,7550,351655,0,5243
run_049,IDM_USA_B,USA,IDM,2023-09-10,9191,5673,0.641,"geopolitical_tension (Active), trade_restrictions (Recovery)",33,8343,8343,59116,0,5967
run_049,OSAT_Malaysia_C,Malaysia,OSAT,2023-09-10,16311,16057,1.0,none,25,7118,7118,1287537,0,7582
run_049,Foundry_Germany_D,Germany,Foundry,2023-09-10,8587,8570,1.0,none,33,8684,8684,7697,0,4517
run_049,Foundry_Taiwan_A,Taiwan,Foundry,2023-09-17,10923,6116,0.554,geopolitical_tension (Active),52,9661,9661,348110,0,5243
run_049,IDM_USA_B,USA,IDM,2023-09-17,9191,6514,0.706,"geopolitical_tension (Active), trade_restrictions (Recovery)",36,10138,10138,55492,0,5967
run_049,OSAT_Malaysia_C,Malaysia,OSAT,2023-09-17,16311,16851,1.0,none,24,9709,9709,1294679,0,7582
run_049,Foundry_Germany_D,Germany,Foundry,2023-09-17,8587,8732,1.0,none,33,4634,4634,11795,0,4517
run_049,Foundry_Taiwan_A,Taiwan,Foundry,2023-09-24,10923,4551,0.427,"geopolitical_tension (Active), trade_restrictions (Active)",58,6714,6714,345947,0,5243
run_049,IDM_USA_B,USA,IDM,2023-09-24,9191,3458,0.393,"geopolitical_tension (Active), natural_disaster (Active), trade_restrictions (Recovery)",87,4420,4420,54530,0,5967
run_049,OSAT_Malaysia_C,Malaysia,OSAT,2023-09-24,16311,17344,1.0,none,25,6590,6590,1305433,0,7582
run_049,Foundry_Germany_D,Germany,Foundry,2023-09-24,8587,8552,1.0,none,32,8477,8477,11870,0,4517
run_049,Foundry_Taiwan_A,Taiwan,Foundry,2023-10-01,10923,4125,0.345,"geopolitical_tension (Active), geopolitical_tension (Recovery), trade_restrictions (Active)",60,5516,5516,344556,0,5243
run_049,IDM_USA_B,USA,IDM,2023-10-01,9191,3694,0.393,"geopolitical_tension (Active), natural_disaster (Active)",90,9058,9058,49166,0,5967
run_049,OSAT_Malaysia_C,Malaysia,OSAT,2023-10-01,16311,14916,1.0,none,26,5081,5081,1315268,0,7582
run_049,Foundry_Germany_D,Germany,Foundry,2023-10-01,8587,8961,1.0,none,36,9253,9253,11578,0,4517
run_049,Foundry_Taiwan_A,Taiwan,Foundry,2023-10-08,10923,4732,0.432,"geopolitical_tension (Active), geopolitical_tension (Recovery), trade_restrictions (Active)",58,8275,8275,341013,0,5243
run_049,IDM_USA_B,USA,IDM,2023-10-08,9191,3649,0.393,"geopolitical_tension (Active), natural_disaster (Active)",89,7207,7207,45608,0,5967
run_049,OSAT_Malaysia_C,Malaysia,OSAT,2023-10-08,16311,11049,0.688,natural_disaster (Active),70,5679,5679,1320638,0,7582
run_049,Foundry_Germany_D,Germany,Foundry,2023-10-08,8587,8282,1.0,none,33,5903,5903,13957,0,4517
run_049,Foundry_Taiwan_A,Taiwan,Foundry,2023-10-15,10923,5670,0.481,"geopolitical_tension (Active), geopolitical_tension (Recovery), trade_restrictions (Active)",58,5484,5484,341199,0,5243
run_049,IDM_USA_B,USA,IDM,2023-10-15,9191,4143,0.451,"geopolitical_tension (Recovery), natural_disaster (Active)",90,6302,6302,43449,0,5967
run_049,OSAT_Malaysia_C,Malaysia,OSAT,2023-10-15,16311,11554,0.688,natural_disaster (Active),64,8148,8148,1324044,0,7582
run_049,Foundry_Germany_D,Germany,Foundry,2023-10-15,8587,8493,1.0,none,32,7806,7806,14644,0,4517
run_049,Foundry_Taiwan_A,Taiwan,Foundry,2023-10-22,10923,2593,0.227,"cyber_attack (Active), geopolitical_tension (Active), trade_restrictions (Active), trade_restrictions (Recovery)",49,7295,7295,336497,0,5243
run_049,IDM_USA_B,USA,IDM,2023-10-22,9191,5580,0.608,"geopolitical_tension (Recovery), natural_disaster (Recovery)",26,10645,10645,38384,0,5967
run_049,OSAT_Malaysia_C,Malaysia,OSAT,2023-10-22,16311,10921,0.688,natural_disaster (Active),66,7937,7937,1327028,0,7582
run_049,Foundry_Germany_D,Germany,Foundry,2023-10-22,8587,8651,1.0,none,30,8000,8000,15295,0,4517
run_049,Foundry_Taiwan_A,Taiwan,Foundry,2023-10-29,10923,704,0.066,"cyber_attack (Active), geopolitical_tension (Active), natural_disaster (Active), trade_restrictions (Active), trade_restrictions (Recovery)",90,8584,8584,328617,0,5243
run_049,IDM_USA_B,USA,IDM,2023-10-29,9191,6772,0.706,natural_disaster (Recovery),25,7277,7277,37879,0,5967
run_049,OSAT_Malaysia_C,Malaysia,OSAT,2023-10-29,16311,11538,0.688,natural_disaster (Active),68,4871,4871,1333695,0,7582
run_049,Foundry_Germany_D,Germany,Foundry,2023-10-29,8587,9028,1.0,none,34,10145,10145,14178,0,4517
run_049,Foundry_Taiwan_A,Taiwan,Foundry,2023-11-05,10923,812,0.072,"cyber_attack (Active), geopolitical_tension (Active), natural_disaster (Active), trade_restrictions (Active), trade_restrictions (Recovery)",90,3781,3781,325648,0,5243
run_049,IDM_USA_B,USA,IDM,2023-11-05,9191,7416,0.804,natural_disaster (Recovery),22,6441,6441,38854,0,5967
run_049,OSAT_Malaysia_C,Malaysia,OSAT,2023-11-05,16311,11517,0.688,natural_disaster (Active),65,6911,6911,1338301,0,7582
run_049,Foundry_Germany_D,Germany,Foundry,2023-11-05,8587,8821,1.0,none,34,4398,4398,18601,0,4517
run_049,Foundry_Taiwan_A,Taiwan,Foundry,2023-11-12,10923,1339,0.129,"cyber_attack (Recovery), geopolitical_tension (Recovery), natural_disaster (Active), trade_restrictions (Active)",90,7963,7963,319024,0,5243
run_049,IDM_USA_B,USA,IDM,2023-11-12,9191,7741,0.902,"logistics_bottleneck (Active), natural_disaster (Recovery)",45,6202,6202,40393,0,5967
run_049,OSAT_Malaysia_C,Malaysia,OSAT,2023-11-12,16311,11011,0.688,natural_disaster (Active),68,5012,5012,1344300,0,7582
run_049,Foundry_Germany_D,Germany,Foundry,2023-11-12,8587,8704,1.0,none,33,6809,6809,20496,0,4517
run_049,Foundry_Taiwan_A,Taiwan,Foundry,2023-11-19,10923,2299,0.218,"cyber_attack (Recovery), geopolitical_tension (Recovery), natural_disaster (Active), trade_restrictions (Recovery)",90,6580,6580,314743,0,5243
run_049,IDM_USA_B,USA,IDM,2023-11-19,9191,9079,1.0,"logistics_bottleneck (Active), natural_disaster (Recovery)",51,9235,9235,40237,0,5967
run_049,OSAT_Malaysia_C,Malaysia,OSAT,2023-11-19,16311,12707,0.75,natural_disaster (Recovery),24,7668,7668,1349339,0,7582
run_049,Foundry_Germany_D,Germany,Foundry,2023-11-19,8587,8391,1.0,none,33,5909,5909,22978,0,4517
run_049,Foundry_Taiwan_A,Taiwan,Foundry,2023-11-26,10923,2650,0.243,"natural_disaster (Active), trade_restrictions (Recovery)",90,6150,6150,311243,0,5243
run_049,IDM_USA_B,USA,IDM,2023-11-26,9191,7028,0.774,"logistics_bottleneck (Active), trade_restrictions (Active)",48,7939,7939,39326,0,5967
run_049,OSAT_Malaysia_C,Malaysia,OSAT,2023-11-26,16311,12969,0.813,"logistics_bottleneck (Active), natural_disaster (Recovery)",50,5949,5949,1356359,0,7582
run_049,Foundry_Germany_D,Germany,Foundry,2023-11-26,8587,8835,1.0,none,35,9279,9279,22534,0,4517
run_049,Foundry_Taiwan_A,Taiwan,Foundry,2023-12-03,10923,4452,0.414,"logistics_bottleneck (Active), natural_disaster (Recovery), trade_restrictions (Recovery)",79,6038,6038,309657,0,5243
run_049,IDM_USA_B,USA,IDM,2023-12-03,9191,6906,0.774,"logistics_bottleneck (Active), trade_restrictions (Active)",50,7306,7306,38926,0,5967
run_049,OSAT_Malaysia_C,Malaysia,OSAT,2023-12-03,16311,14677,0.875,"logistics_bottleneck (Recovery), natural_disaster (Recovery)",24,9134,9134,1361902,0,7582
run_049,Foundry_Germany_D,Germany,Foundry,2023-12-03,8587,8697,1.0,none,34,11654,11654,19577,0,4517
run_049,Foundry_Taiwan_A,Taiwan,Foundry,2023-12-10,10923,5746,0.561,"logistics_bottleneck (Active), natural_disaster (Recovery)",78,5634,5634,309769,0,5243
run_049,IDM_USA_B,USA,IDM,2023-12-10,9191,7411,0.774,"logistics_bottleneck (Recovery), trade_restrictions (Active)",32,7801,7801,38536,0,5967
run_049,OSAT_Malaysia_C,Malaysia,OSAT,2023-12-10,16311,16684,0.938,natural_disaster (Recovery),26,8099,8099,1370487,0,7582
run_049,Foundry_Germany_D,Germany,Foundry,2023-12-10,8587,8232,1.0,none,35,5832,5832,21977,0,4517
run_049,Foundry_Taiwan_A,Taiwan,Foundry,2023-12-17,10923,4330,0.416,"logistics_bottleneck (Recovery), natural_disaster (Active), natural_disaster (Recovery)",74,7185,7185,306914,0,5243
run_049,IDM_USA_B,USA,IDM,2023-12-17,9191,7192,0.774,trade_restrictions (Active),38,7755,7755,37973,0,5967
run_049,OSAT_Malaysia_C,Malaysia,OSAT,2023-12-17,16311,15088,1.0,natural_disaster (Recovery),25,6830,6830,1378745,0,7582
run_049,Foundry_Germany_D,Germany,Foundry,2023-12-17,8587,9116,1.0,none,33,4140,4140,26953,0,4517
run_049,Foundry_Taiwan_A,Taiwan,Foundry,2023-12-24,10923,6051,0.502,"natural_disaster (Active), natural_disaster (Recovery)",77,9540,9540,303425,0,5243
run_049,IDM_USA_B,USA,IDM,2023-12-24,9191,7526,0.774,trade_restrictions (Active),33,4856,4856,40643,0,5967
run_049,OSAT_Malaysia_C,Malaysia,OSAT,2023-12-24,16311,16411,1.0,none,26,7228,7228,1387928,0,7582
run_049,Foundry_Germany_D,Germany,Foundry,2023-12-24,8587,8270,1.0,none,32,11746,11746,23477,0,4517
run_049,Foundry_Taiwan_A,Taiwan,Foundry,2023-12-31,10923,5942,0.588,"natural_disaster (Active), natural_disaster (Recovery)",78,9147,9147,300220,0,5243
run_049,IDM_USA_B,USA,IDM,2023-12-31,9191,4806,0.542,"natural_disaster (Active), trade_restrictions (Active)",59,4385,4385,41064,0,5967
run_049,OSAT_Malaysia_C,Malaysia,OSAT,2023-12-31,16311,16543,1.0,none,24,8918,8918,1395553,0,7582
run_049,Foundry_Germany_D,Germany,Foundry,2023-12-31,8587,8452,1.0,none,34,6200,6200,25729,0,4517
